customer_id,customer_name,email,phone,city,state,country,signup_date
1,Allison Hill,jillrhodes@miller.com,890.838.6379,Lisatown,Wisconsin,Sri Lanka,2024-01-19
2,Gina Moore,daviscolin@yahoo.com,+1-407-816-1849x593,North Donnaport,Colorado,Timor-Leste,2024-05-11
3,Jamie Chavez,mitchellclark@yahoo.com,001-192-832-7648x350,Port Antonio,Massachusetts,Iran,2024-07-04
4,Thomas Bradley,dianafoster@hotmail.com,242.388.4969x653,New Trevor,Wisconsin,Australia,2023-11-02
5,Christopher Becker,djames@king.com,+1-845-146-2704x82814,East Nathaniel,Hawaii,Mauritania,2025-08-16
6,Linda Burns,natasha43@allen.com,718-227-8248,Brandtside,Wisconsin,Saint Lucia,2026-04-21
7,Eric Carney,clam@gmail.com,315.098.3930,Lake Crystalbury,California,United Kingdom,2023-07-03
8,Andrea Young,ambercummings@hotmail.com,001-737-631-1656,Owenston,Utah,Palau,2026-02-12
9,James Morgan,jamesherrera@henderson.info,178.108.0132,Tuckerborough,Montana,United Kingdom,2023-08-15
10,Aaron Myers,rodney87@gmail.com,430.980.5009,Shawhaven,Hawaii,Azerbaijan,2025-07-12
11,Cody Larson,kwilson@riley.org,699-854-3534,Andersonport,New Jersey,Germany,2023-09-05
12,Marc Hart,medinawilliam@mahoney.com,(427)849-8084x124,North Juliaberg,Louisiana,Finland,2025-12-10
13,Grant Watts,dking@gmail.com,+1-640-052-4278x6801,Lake Rebeccaside,Arizona,Syrian Arab Republic,2024-12-09
14,Brittany Anderson,rachel05@gmail.com,+1-315-869-2322x60256,West Erik,Vermont,Botswana,2024-12-30
15,Shannon Walker,kevin33@gmail.com,+1-365-414-5868x50142,Benjaminchester,Minnesota,Saint Lucia,2024-09-14
16,William Wilson,bradley60@frost.com,(615)951-4846x564,East Robert,Missouri,Philippines,2024-02-10
17,Elizabeth Kelley,justin69@pena.com,721.489.5134x33200,South Cheryl,Wyoming,Barbados,2025-04-22
18,Mark Lee,jross@hotmail.com,001-016-328-7083x172,Contrerasside,Rhode Island,Ghana,2025-04-02
19,Michelle Wagner,juliawells@yahoo.com,001-348-734-7143x45581,East Jesse,Vermont,Cape Verde,2024-04-12
20,Jason Daniels,clarkrobert@hotmail.com,001-096-705-4668x893,Robinsonchester,New York,Antarctica (the territory South of 60 deg S),2025-01-09
21,Michael Powell,ncalhoun@johnson.com,627-204-6537,Matthewfurt,Louisiana,Sao Tome and Principe,2025-02-28
22,Bradley Smith,jeffrey10@herring.com,+1-232-719-3745x299,Port Loriport,Connecticut,Morocco,2023-06-24
23,Laura Odonnell,mdavid@gmail.com,001-314-919-0586,Caseymouth,Alabama,Thailand,2025-02-26
24,Ashley Yu,ryangross@hotmail.com,987-769-4531x473,Hudsonfurt,Michigan,Antarctica (the territory South of 60 deg S),2025-06-21
25,Catherine Lewis,joshua94@hotmail.com,8313678377,Mcguireland,Maine,Cyprus,2025-02-02
26,Elizabeth Perkins,ronald85@yahoo.com,001-744-431-3518x233,Hillshire,Wisconsin,Mali,2025-11-28
27,Brian Lee,harry08@hill.net,271-094-7775x2047,Port Cameronfort,California,Montserrat,2026-01-17
28,Brittany Shepherd,mcknightdavid@yahoo.com,+1-993-867-7496x499,New Susanville,Wisconsin,Cote d'Ivoire,2026-01-11
29,Matthew Moore,moorericky@wheeler.com,001-713-493-6183x242,North Gabrielport,Rhode Island,San Marino,2025-10-16
30,Jessica Harrison,gbender@hotmail.com,719.065.9401x3990,Barbaraburgh,New Mexico,Malaysia,2026-02-21
31,Donald Shea,ecosta@yahoo.com,(551)256-7468x07154,Darrellfurt,North Carolina,Sweden,2023-05-17
32,Kimberly Gutierrez,cindy77@harris.com,771-093-2480x8613,South Staceyberg,New York,Venezuela,2024-08-11
33,Denise Davenport,stephenthomas@gmail.com,+1-821-465-8404x499,Grimesmouth,Ohio,Liberia,2024-11-02
34,Phillip Bennett,tinaallen@yahoo.com,605.766.2702,Mollymouth,Connecticut,Mali,2025-04-24
35,Charles Pitts,harrisontanya@hanson-sanders.com,865-780-9134x31611,Jacksonport,Alaska,Aruba,2024-09-30
36,Elaine Brooks,amandaknight@jackson.org,(937)923-7474x0748,North Scott,Minnesota,Myanmar,2024-08-22
37,Jessica Wright,yvonnecastaneda@gmail.com,695.944.0640,New Julieport,Wyoming,South Georgia and the South Sandwich Islands,2024-05-07
38,Heather Fields,courtneyberger@hotmail.com,4709521456,East David,Ohio,Turkey,2024-12-04
39,Susan Rivas,scoffey@hotmail.com,171-236-8516x04817,Emilyview,Pennsylvania,Hong Kong,2026-01-31
40,Ashley Hall,rose31@colon.biz,200-471-1382,Chavezside,Nebraska,Myanmar,2024-01-11
41,Mary Bass,antonio53@yahoo.com,351.585.0643x171,Lake Danielle,Alaska,Australia,2024-10-15
42,Cameron Cunningham,brendali@murphy.org,4228421020,Kristybury,Pennsylvania,Gibraltar,2023-06-09
43,Anthony Harmon,alvarezkimberly@wheeler.org,8470076617,Jonesland,Massachusetts,Netherlands,2024-01-01
44,Donald Schultz,hvang@yahoo.com,896.118.3673x657,Perryville,Massachusetts,Japan,2024-09-12
45,Jacqueline Hernandez,davischristopher@yahoo.com,528-098-8516,Morganchester,Washington,Austria,2024-08-04
46,Heather Lane,dianewalker@bell.com,493-689-9809,Anthonyview,Vermont,Serbia,2024-09-06
47,Heather White,vjones@bonilla.biz,(752)545-9910x22901,Scottchester,New York,Netherlands,2025-04-01
48,Daniel Hunt,rrodriguez@hotmail.com,001-784-036-9003,Sierraberg,Wisconsin,Equatorial Guinea,2024-08-07
49,Adam Burgess,omarpadilla@hansen.biz,001-060-715-9696x6416,West Georgemouth,Vermont,Uruguay,2024-11-28
50,Ryan Sanchez,fosterkyle@yahoo.com,521.818.8355,East Curtis,Kentucky,Congo,2024-02-09
51,Paige Rios,kmarshall@cole.org,527-177-4490x58147,Johnsonstad,Maine,Belarus,2026-02-10
52,Savannah Gilbert,ycarpenter@hotmail.com,7935978207,Port Rachelmouth,Virginia,Belize,2025-07-07
53,Amanda Zimmerman,michaelhardin@yahoo.com,(590)515-1864x49251,West Kyle,Tennessee,Qatar,2026-03-09
54,Kurt Hurley,vschneider@gmail.com,+1-816-850-5423x57332,North Kenneth,Connecticut,Macedonia,2025-08-31
55,Sophia Johnson,carlamoore@gmail.com,001-927-065-3794x738,West Tammy,New Mexico,United Kingdom,2024-03-12
56,Travis Joyce,kimberly88@yahoo.com,(392)407-5818,West Christopherburgh,Louisiana,Korea,2025-07-21
57,Jeffrey Potts,bwilkerson@brown-shaw.com,(153)051-5220x4727,Gilbertland,Alaska,Equatorial Guinea,2024-04-15
58,Kimberly Acosta,parsonsjohn@gmail.com,3697117980,Lake Douglas,Nevada,Afghanistan,2025-12-26
59,Kenneth Lopez,carlos88@hartman.info,6540515319,Dennisstad,Ohio,Guadeloupe,2026-02-07
60,Richard Marshall,lisabrown@yahoo.com,4303054868,Kingborough,Maine,Guinea-Bissau,2023-07-29
61,Evelyn Martinez,vpreston@yahoo.com,(527)758-4161x6928,Manuelland,Massachusetts,Panama,2024-08-17
62,Lance Simmons,sergio59@yahoo.com,016-582-0297x021,Port Deanna,Mississippi,Hungary,2025-10-13
63,Christian Cole,scott19@gmail.com,565.431.0278x68144,Lewisport,Vermont,United States Virgin Islands,2025-06-17
64,Chad Jones,zosborn@ponce.com,+1-844-225-8313,East Kristy,Alaska,Guyana,2025-09-22
65,Julie Bird,jonesraymond@higgins.org,251-778-5289,Port Tammy,Nevada,Macao,2023-08-10
66,Kelly Torres,sarah35@jacobson.net,249-818-2992x299,Meganshire,Arizona,Sweden,2023-06-29
67,Travis Wise,katiebutler@hotmail.com,7844736471,East Scottfort,New Jersey,Costa Rica,2024-10-25
68,Emily Higgins,xanderson@hotmail.com,+1-153-714-7321,West Soniachester,Kansas,Tonga,2024-01-19
69,Taylor Griffith,tyronerobertson@koch-jimenez.com,(873)395-0047x9748,Port Danielberg,Kentucky,Saint Lucia,2024-12-04
70,Holly Morales,angela16@cole.org,+1-912-165-5852x39868,North Benjaminmouth,New Mexico,Malaysia,2025-04-24
71,Steven Taylor,phillipjensen@yahoo.com,001-588-879-4705,Emilychester,Pennsylvania,Gambia,2026-04-18
72,Linda Baker,silvageorge@griffith.com,9130756263,Shawfort,West Virginia,Saint Lucia,2023-08-20
73,Kelly Hoffman,ledwards@yahoo.com,+1-585-497-3348,Jeffreyport,Wyoming,France,2026-05-15
74,Michael Stewart,keith98@yahoo.com,(524)041-5747x3384,Derrickshire,Kansas,Ecuador,2023-08-02
75,Kiara Little,gutierrezjennifer@maldonado.com,+1-267-734-5401,New Joanne,Arizona,United States Minor Outlying Islands,2024-02-11
76,Ryan Peck,lfrench@hayden.com,991-547-8872x8743,West Franciscomouth,Tennessee,Equatorial Guinea,2024-02-29
77,George Phillips,cherylfowler@wilcox-robertson.com,(122)753-0463x7454,West Desireebury,Arkansas,Papua New Guinea,2023-11-15
78,Christopher Parks,fowlershelia@yahoo.com,+1-332-727-9568x783,Lake Karen,Colorado,Mali,2025-04-08
79,Heidi Stark,poolerebecca@armstrong.com,871-397-1870x72867,New Stevenport,Washington,Angola,2025-01-20
80,Aaron Robinson,hendersonisabella@mcknight.info,4622656766,Lake Tamaraside,Florida,Palau,2024-11-06
81,Willie Long,maryavila@ford-ball.biz,+1-633-752-4310,Mendeztown,Kansas,Costa Rica,2023-08-28
82,Andrew Harper,joymorales@fernandez.com,439.599.5342x83644,New Stacyburgh,South Dakota,Philippines,2025-03-09
83,Amber Cooper,heather62@yahoo.com,(287)334-2708x6688,South John,Indiana,Greenland,2026-02-13
84,Jerry Watson,adamsemily@williams.org,001-837-354-0331x7393,Hermanside,Massachusetts,Singapore,2024-07-28
85,Joseph Howard,william77@gmail.com,001-753-556-0932x0489,Phillipsborough,Michigan,Denmark,2024-12-26
86,Danielle Pierce,kathryn77@yahoo.com,(522)872-8080,Port Elizabethtown,Nebraska,Burundi,2026-01-19
87,Michael Smith,bruce97@hotmail.com,008.860.0848x4086,North Samantha,North Dakota,Canada,2024-05-24
88,Joseph Ochoa,zmiller@yahoo.com,001-334-101-6668,Browntown,Vermont,Chile,2023-09-21
89,Mr. Richard Knight PhD,hallrachel@clay.com,+1-489-025-0392x61429,New Mary,Missouri,Philippines,2025-09-01
90,Perry Taylor,brian63@peterson.org,(504)773-5866x2961,Laurenland,Colorado,Ethiopia,2024-01-10
91,Richard Moore,michael10@yahoo.com,541.212.6788x861,North Michaelland,Rhode Island,Nepal,2024-09-30
92,Alexandria Gutierrez,ashleyjackson@jackson-adams.com,212.646.4715x4379,South Daniel,Maryland,Albania,2025-01-19
93,Manuel Brock,pcook@hotmail.com,(459)375-2654,Faulknerbury,Massachusetts,Honduras,2024-07-24
94,Jenna Wilson,erinpierce@murray.com,001-167-243-4266x179,Aguilarside,North Carolina,Uzbekistan,2026-04-24
95,Andrew Schmitt,mackdiane@jackson-salazar.org,+1-656-101-4388x8993,Brooksmouth,Wyoming,Philippines,2025-11-15
96,Brittany Cuevas,phillipssamantha@gmail.com,254-573-8757,South Jennifermouth,Massachusetts,Bangladesh,2024-08-24
97,Michael Johnson,byrdfrank@hotmail.com,828.258.6736,East Danielle,Nevada,Indonesia,2023-06-30
98,Sonya Cole,nsmith@gmail.com,191-825-5371x478,Candicefurt,Pennsylvania,Brazil,2024-11-06
99,Jimmy Thompson,powerslawrence@gmail.com,125-286-6929x6627,New Garrett,Maine,Burundi,2024-03-01
100,Jerry Brown,washingtonjames@yahoo.com,+1-876-767-7219,Port Kathleenport,Arizona,Falkland Islands (Malvinas),2024-04-29
101,Carol Ellis,armstrongjoseph@hotmail.com,(807)836-1340x745,South Michelleville,Wyoming,Sudan,2024-05-18
102,Oscar Norris,christinaglover@gmail.com,9584982544,Stephaniehaven,Utah,Suriname,2023-10-10
103,Paul Jenkins,michelle22@thomas.com,001-672-946-6711x68457,Murphytown,Wyoming,Tanzania,2023-10-07
104,Judy Beck,flynnraymond@yahoo.com,745.458.9297,Patriciaton,Arizona,Bolivia,2026-01-12
105,Julia Martinez,bbryant@forbes.com,(415)415-2064,South Diana,Virginia,Bhutan,2023-05-17
106,Blake Wheeler,smithmatthew@gmail.com,(271)361-1155x42622,New Annaburgh,New Hampshire,Guernsey,2024-04-10
107,Brittany Jenkins,christophergarcia@gmail.com,001-656-523-4138,Kimberlytown,Texas,Turkey,2024-08-26
108,Lawrence Lopez,debbie37@yahoo.com,379-180-5526,Diazburgh,Wisconsin,Latvia,2023-09-06
109,Austin Baker,fryraymond@fuller-mason.biz,(618)892-4141x83285,Willisland,Maryland,Qatar,2025-03-25
110,Sarah Brown,nwilson@brown.com,020-275-8842,Davidview,Washington,Turks and Caicos Islands,2023-11-15
111,Alyssa Roman,bakertheresa@hotmail.com,778-507-9252,Kerrishire,Utah,Saint Kitts and Nevis,2023-11-11
112,Jordan Williams,brandoncox@white.net,001-635-365-4195x180,East Linda,Arizona,Zimbabwe,2025-01-27
113,John Campbell,christopher70@yahoo.com,494.937.5973,East Adam,Nebraska,Anguilla,2024-05-11
114,Makayla Steele,aaron64@harris.biz,024.103.8657x1918,Lake Lori,California,Namibia,2025-10-14
115,Matthew Anderson,melissa65@yahoo.com,431.329.1212x775,Martinezstad,Wyoming,Cote d'Ivoire,2025-04-17
116,Derek Wilson,margaret90@huff.com,356-804-4206,Hawkinsside,Kansas,Bhutan,2025-05-02
117,Riley Martinez,davidcolon@parks-pace.com,001-941-013-7215,North Sheriton,Hawaii,Uzbekistan,2025-10-23
118,Nathaniel Crawford,nthompson@gmail.com,472-099-9347x687,North Joshuaberg,Nebraska,Cook Islands,2026-02-07
119,Kelly Mccoy,wcasey@stephens-washington.org,564.205.9304x07859,East Craig,Texas,Dominican Republic,2024-07-03
120,Raven Mclaughlin,lkelly@young.com,001-059-929-3784,South Benjamin,Arkansas,Djibouti,2025-12-05
121,Joseph Smith,matthewthompson@brown-hernandez.com,001-185-156-9154x52267,Grantside,Vermont,Tuvalu,2025-12-24
122,Courtney Chapman,sparker@anderson-daniel.org,(902)959-3917x2513,Toniburgh,South Dakota,Turks and Caicos Islands,2023-09-30
123,Meagan Daniel,nsmith@gmail.com,001-154-100-6762x676,Amyville,New Mexico,Solomon Islands,2025-10-29
124,Melissa Martin,phillipslucas@jones.biz,(181)599-7062,Mooreville,Michigan,Costa Rica,2024-03-06
125,Julian Frost,kenneth10@yahoo.com,001-872-050-6149,Gonzaleztown,Indiana,Chile,2026-01-31
126,Bradley Anthony,qruiz@yahoo.com,862-565-2704,Marshallbury,Louisiana,Monaco,2023-08-19
127,Michael Davis,larellano@gmail.com,+1-068-687-9374,South Raventon,North Carolina,Montenegro,2025-07-26
128,Megan Oliver,kthompson@stokes.com,(163)294-5116x86854,Starktown,Vermont,Niger,2025-11-13
129,Jennifer Perry,buckleyanna@floyd.com,(467)997-0246x29960,Prestonmouth,Vermont,Dominica,2023-07-31
130,Tammie Prince,lisa44@cameron-garrison.com,247.546.9137,Port Richard,New York,Senegal,2025-07-26
131,Samantha Robertson,collinswilliam@deleon.org,2330307053,Michealmouth,North Carolina,Indonesia,2026-01-27
132,Melanie Allen,ethompson@hotmail.com,+1-552-414-0602,Port Jeffrey,Iowa,Philippines,2024-04-01
133,Jason Smith,pbuck@burke.com,944-665-7437x489,Silvatown,North Carolina,Panama,2024-12-17
134,Linda Campbell,rbrown@nguyen.com,283.096.5207,Jordanchester,Montana,Iceland,2023-07-09
135,Wendy Cabrera,ginalittle@yahoo.com,+1-584-282-4172x48251,West Jeffrey,Maryland,Italy,2024-10-11
136,Kevin Ford,obrown@carpenter.com,168.460.2235x69725,Port Christopher,Michigan,Niue,2024-02-14
137,Anthony Hayes,barbaramoore@anderson.biz,(676)008-3505x8300,East Heather,Minnesota,Georgia,2023-12-02
138,Jonathan Torres,evanskelly@meyer.com,753-260-3323x09821,Jenniferton,Missouri,Turkey,2026-02-03
139,Joseph Williams,valdezandrew@wilson.com,230.461.8499x2618,West Danielville,New York,Congo,2025-12-17
140,Dennis Mills,jade42@kelley.info,300-119-7218x11437,Josephton,Connecticut,Suriname,2024-02-11
141,Sarah Ward,grodgers@gmail.com,2255794155,North Richard,New Jersey,Faroe Islands,2025-01-04
142,Karen Fisher,andersonjessica@garcia.info,001-729-659-0277,South Scottland,Kentucky,Palau,2024-09-15
143,Sean Warren,april91@stanley-wright.com,+1-628-900-2877x21753,Taraton,North Carolina,Czech Republic,2025-09-17
144,Jennifer Young,csolis@gmail.com,751.701.6608x8019,Pamelaside,Indiana,Palau,2026-03-24
145,Glen Bryan,xrivera@greene.info,130-554-8851,East Travischester,Connecticut,Equatorial Guinea,2025-12-19
146,Bryan Phelps,msummers@morgan.org,779-827-0808,Robersonfort,North Carolina,Slovakia (Slovak Republic),2024-02-15
147,Carrie Ochoa,msandoval@gordon-cruz.org,001-346-547-2269x848,Jenniferside,South Dakota,Cuba,2024-03-23
148,Miguel Parks,williambenson@page-hodges.net,996.846.0810x6200,West Karen,Hawaii,France,2026-04-11
149,Ryan Vaughn,karenjohnson@yahoo.com,983-863-8406,Butlermouth,Oklahoma,Austria,2023-06-05
150,Christina Melton,rhondabush@hotmail.com,(989)334-7212x281,Williamsview,Oklahoma,Estonia,2023-12-04
151,Ryan Smith,billmcfarland@hotmail.com,9479851583,New Carlos,North Carolina,Cayman Islands,2025-02-20
152,Jennifer Bailey,mark43@moreno.com,573-993-0561,Scottport,Alaska,United States Minor Outlying Islands,2025-07-26
153,Jaime Lang,pwilliams@gmail.com,811-288-0133x61386,Lake Ginatown,New Jersey,Saint Barthelemy,2024-10-12
154,Benjamin Thompson,andrewsjeremy@yahoo.com,(676)650-6180x91901,Sarahville,Maine,Solomon Islands,2026-04-15
155,Brandon Hubbard,qfoster@gmail.com,283.268.4245x0882,North Adamfurt,Ohio,Mayotte,2023-09-25
156,Paul Berger,robertbrewer@hotmail.com,(223)943-1290,Newmanland,Maine,Paraguay,2023-08-28
157,Craig Carpenter,david31@yahoo.com,+1-135-775-9492x995,Susanburgh,Alabama,Germany,2024-06-01
158,Michelle Davidson,dennis57@yahoo.com,547.812.9142x834,Lake Charlestown,North Carolina,Niue,2023-07-03
159,Lauren Hammond,arnoldamy@kennedy.com,001-942-788-1658x03928,South Erik,Oregon,Yemen,2025-10-10
160,Tracy Fitzgerald,billy73@gmail.com,530-385-6770x051,Maryview,Pennsylvania,Mauritius,2025-10-17
161,Matthew Diaz,nicholas38@gomez-parrish.info,908.272.3184x3222,Carolynville,Texas,Denmark,2025-02-18
162,Michelle Olson,kclark@hotmail.com,(030)299-2280x92024,New Susan,Rhode Island,Monaco,2026-01-30
163,Nathan Stanley,robinsoncatherine@yahoo.com,236.929.2984x2579,East Nicholasberg,Connecticut,Andorra,2024-03-25
164,Susan Cohen,thompsonrachel@williams.com,729-806-8650,Perezfort,Wyoming,Hong Kong,2024-11-10
165,Natalie Juarez,eanderson@kent.com,+1-864-300-9818x063,Robertville,Georgia,Japan,2026-02-21
166,Deborah Herrera,victoria63@yahoo.com,+1-872-588-7449,Kimfurt,West Virginia,Burundi,2026-03-05
167,David Logan,lewisrichard@owen-mendez.com,(601)279-6114,West Christopher,Arizona,Saint Kitts and Nevis,2025-01-02
168,Jennifer Douglas,bautistalori@hotmail.com,703.843.0988x3920,Johntown,Hawaii,Benin,2024-07-17
169,Heather Foster,mclaughlincasey@dunn.net,001-554-393-7690,Gregoryhaven,Connecticut,Moldova,2023-09-05
170,Gina Wilson,heather69@yahoo.com,001-357-790-7141x63356,Zacharytown,Vermont,Syrian Arab Republic,2024-06-28
171,Brandon Nunez,spencergregory@yahoo.com,(394)237-3334x333,Port Christine,Georgia,Slovakia (Slovak Republic),2023-10-28
172,Blake Sosa,duranamber@gmail.com,595.794.7284x6392,New Laurenfort,Ohio,Antigua and Barbuda,2025-07-04
173,Scott Parsons,wolfesteve@hotmail.com,0369155942,Joelfort,South Carolina,Guam,2024-12-04
174,Jeff Barnes,melissa47@gmail.com,001-293-143-8663,Port Susan,Georgia,Lebanon,2023-05-31
175,Jonathan Cowan,jevans@hotmail.com,6120347175,Michaelside,Oklahoma,Venezuela,2024-06-19
176,Jason Bell,tiffanymitchell@nunez-freeman.info,694-722-5699,Sweeneyland,Colorado,Central African Republic,2024-10-30
177,Evan Carter,cnelson@yahoo.com,001-987-622-0234x1326,North Calebfort,Oklahoma,Austria,2023-06-25
178,Kelly Ferrell,christine16@perez-rojas.info,+1-228-200-5577x8487,Lake Amber,Pennsylvania,Nauru,2025-04-24
179,Madison Elliott,timothy31@yahoo.com,564-240-0825x4780,Arroyofort,Maryland,Algeria,2025-03-14
180,Linda Robles,robertcastro@yahoo.com,266.341.6389,Justinside,Louisiana,Isle of Man,2024-03-03
181,Catherine Roberts,nnelson@yahoo.com,502.080.2144,Lake Samuel,Alabama,Djibouti,2023-10-03
182,Johnny Peterson,dbolton@hotmail.com,5120461872,Port John,Missouri,Switzerland,2023-06-04
183,Randy Wright,joanjohnson@yahoo.com,001-183-764-5208x8147,Jameston,Texas,Cuba,2023-11-07
184,Jeffrey Smith,fosterjohn@gmail.com,001-792-513-2719,Sarahton,Arkansas,Guinea-Bissau,2026-02-10
185,Joshua Rodriguez,levigrant@hotmail.com,001-573-065-2407x78487,New Jacob,Minnesota,Gibraltar,2025-05-12
186,Ronald Rocha,schmidtshannon@weaver-gibson.net,(209)593-5186x3878,New Justin,Nebraska,Norway,2024-09-27
187,Joseph Jones,morganharris@lee-johnson.biz,+1-789-940-5391x03717,West Angelachester,Mississippi,South Africa,2023-08-14
188,Deborah Williams,christian38@garcia.net,(338)392-8861x9576,East Lauraside,Montana,Macedonia,2024-10-21
189,Kimberly Greene,andrea55@yahoo.com,001-659-398-3684x57760,West Caitlinhaven,Florida,Tuvalu,2024-08-26
190,William Lewis,ingramsherry@yahoo.com,+1-889-921-0752,West Michael,Pennsylvania,Egypt,2024-05-11
191,Eric Duncan,cummingslaura@freeman.org,940-961-0556,Conradville,Wyoming,Denmark,2026-02-23
192,Tanya Walters,torresblake@hotmail.com,001-258-320-6799,East Ryanfurt,Georgia,Bulgaria,2024-10-19
193,Kenneth Williams,christopher86@hotmail.com,(278)376-9389,East Charles,Wyoming,Jersey,2024-09-29
194,Laura Rodriguez,mdiaz@yahoo.com,(904)259-7927x033,Ericland,Delaware,Saint Vincent and the Grenadines,2023-08-08
195,Marc Hernandez,cooperlinda@yahoo.com,705.383.3884x879,Lake Holly,Alaska,Honduras,2025-11-06
196,Kelsey Scott,james94@marshall.com,(451)046-3681x5798,East Jamesmouth,Oklahoma,Vanuatu,2023-06-18
197,Thomas Torres,bgarner@yahoo.com,+1-554-384-0460x84325,Sandovalland,Washington,Hong Kong,2025-08-01
198,Lisa Garrett,jallen@waller-browning.com,823.298.3248x262,West Carlos,Ohio,Yemen,2023-11-15
199,Ryan Thomas,nicole66@ramos-peck.com,(312)209-9499,New Jesse,Utah,Anguilla,2024-11-24
200,Richard Anderson,jack67@yahoo.com,(233)060-4633,North Gregory,New Hampshire,Tonga,2025-12-29
