order_item_id,order_id,product_id,quantity,unit_price,total_price
1,1,83,2,1617.96,3235.92
2,1,61,4,1746.14,6984.56
3,1,78,3,811.22,2433.66
4,1,37,3,730.37,2191.11
5,1,134,1,214.56,214.56
6,2,45,3,1285.51,3856.53
7,2,110,4,537.75,2151.0
8,2,143,3,407.15,1221.45
9,2,127,4,29.24,116.96
10,2,13,4,766.06,3064.24
11,3,77,2,1310.38,2620.76
12,3,97,4,123.19,492.76
13,4,58,2,147.73,295.46
14,4,77,4,1310.38,5241.52
15,5,144,4,617.33,2469.32
16,6,143,2,407.15,814.3
17,6,136,3,317.56,952.68
18,6,35,2,1127.12,2254.24
19,6,100,3,248.57,745.71
20,7,116,3,1864.19,5592.57
21,8,138,2,830.47,1660.94
22,9,69,4,144.13,576.52
23,10,11,4,562.96,2251.84
24,10,19,2,1412.1,2824.2
25,10,49,3,221.76,665.28
26,10,144,3,617.33,1851.99
27,10,56,1,125.27,125.27
28,11,49,4,221.76,887.04
29,11,31,2,1886.39,3772.78
30,12,53,3,11.14,33.42
31,12,102,4,173.15,692.6
32,12,62,4,1858.54,7434.16
33,12,142,3,1745.61,5236.83
34,12,83,3,1617.96,4853.88
35,13,93,4,600.45,2401.8
36,13,132,1,1866.85,1866.85
37,13,128,4,1767.38,7069.52
38,14,53,4,11.14,44.56
39,14,95,1,634.07,634.07
40,14,81,2,849.54,1699.08
41,15,5,4,196.45,785.8
42,15,67,3,1181.0,3543.0
43,16,51,2,314.15,628.3
44,16,85,4,39.37,157.48
45,17,63,4,630.32,2521.28
46,17,128,4,1767.38,7069.52
47,17,141,4,326.8,1307.2
48,17,87,2,818.76,1637.52
49,17,66,3,51.86,155.58
50,18,36,4,1173.33,4693.32
51,18,140,2,1343.12,2686.24
52,19,16,1,258.4,258.4
53,19,135,4,1750.68,7002.72
54,19,9,2,1620.77,3241.54
55,19,20,2,463.52,927.04
56,19,13,1,766.06,766.06
57,20,3,4,1475.58,5902.32
58,20,56,3,125.27,375.81
59,21,124,4,17.06,68.24
60,22,2,4,557.31,2229.24
61,23,5,3,196.45,589.35
62,24,74,1,820.05,820.05
63,24,5,1,196.45,196.45
64,24,129,2,81.7,163.4
65,24,111,2,146.89,293.78
66,24,46,2,875.18,1750.36
67,25,135,1,1750.68,1750.68
68,25,65,3,503.33,1509.99
69,25,91,4,851.78,3407.12
70,25,69,4,144.13,576.52
71,25,102,2,173.15,346.3
72,26,77,1,1310.38,1310.38
73,26,21,1,1712.08,1712.08
74,27,98,1,1704.17,1704.17
75,27,97,1,123.19,123.19
76,27,142,2,1745.61,3491.22
77,27,122,1,982.18,982.18
78,28,112,1,577.12,577.12
79,28,85,2,39.37,78.74
80,28,145,2,57.09,114.18
81,28,25,4,1273.61,5094.44
82,29,12,1,1529.35,1529.35
83,29,20,2,463.52,927.04
84,29,72,3,1083.08,3249.24
85,30,54,2,48.76,97.52
86,31,20,2,463.52,927.04
87,31,77,4,1310.38,5241.52
88,31,42,3,1062.94,3188.82
89,31,145,4,57.09,228.36
90,32,21,3,1712.08,5136.24
91,32,129,1,81.7,81.7
92,33,112,2,577.12,1154.24
93,34,88,4,1730.65,6922.6
94,35,8,4,448.68,1794.72
95,35,70,2,667.55,1335.1
96,35,116,3,1864.19,5592.57
97,36,97,1,123.19,123.19
98,36,111,3,146.89,440.67
99,36,48,2,1526.3,3052.6
100,36,150,1,1941.1,1941.1
101,36,98,1,1704.17,1704.17
102,37,40,3,1364.16,4092.48
103,37,98,3,1704.17,5112.51
104,37,100,1,248.57,248.57
105,38,2,3,557.31,1671.93
106,39,93,1,600.45,600.45
107,39,70,2,667.55,1335.1
108,39,27,4,547.2,2188.8
109,39,34,4,537.11,2148.44
110,40,143,1,407.15,407.15
111,40,132,3,1866.85,5600.55
112,40,105,1,538.57,538.57
113,40,27,3,547.2,1641.6
114,40,7,4,1434.88,5739.52
115,41,75,4,1321.38,5285.52
116,42,22,2,563.17,1126.34
117,42,144,4,617.33,2469.32
118,42,63,2,630.32,1260.64
119,42,147,2,565.46,1130.92
120,43,78,2,811.22,1622.44
121,43,69,1,144.13,144.13
122,43,127,2,29.24,58.48
123,44,71,1,564.17,564.17
124,44,108,3,921.99,2765.97
125,44,77,3,1310.38,3931.14
126,44,124,2,17.06,34.12
127,45,51,3,314.15,942.45
128,45,118,1,1780.53,1780.53
129,45,28,4,1372.38,5489.52
130,45,35,3,1127.12,3381.36
131,46,98,2,1704.17,3408.34
132,46,85,3,39.37,118.11
133,46,113,3,1091.0,3273.0
134,46,86,2,1509.6,3019.2
135,46,111,4,146.89,587.56
136,47,46,3,875.18,2625.54
137,47,102,4,173.15,692.6
138,47,82,2,507.11,1014.22
139,48,97,3,123.19,369.57
140,48,72,1,1083.08,1083.08
141,48,101,2,1162.05,2324.1
142,49,140,2,1343.12,2686.24
143,49,47,4,1908.09,7632.36
144,49,141,3,326.8,980.4
145,49,7,1,1434.88,1434.88
146,49,119,4,551.97,2207.88
147,50,36,2,1173.33,2346.66
148,50,78,4,811.22,3244.88
149,50,62,4,1858.54,7434.16
150,50,65,1,503.33,503.33
151,51,123,4,1272.23,5088.92
152,51,150,1,1941.1,1941.1
153,51,103,3,1050.34,3151.02
154,51,137,1,333.38,333.38
155,52,64,3,1800.23,5400.69
156,53,12,4,1529.35,6117.4
157,53,145,3,57.09,171.27
158,54,28,2,1372.38,2744.76
159,54,3,2,1475.58,2951.16
160,54,26,4,497.17,1988.68
161,54,67,3,1181.0,3543.0
162,55,119,1,551.97,551.97
163,55,129,4,81.7,326.8
164,55,39,1,228.2,228.2
165,55,89,3,764.16,2292.48
166,56,22,3,563.17,1689.51
167,56,30,3,542.8,1628.4
168,56,37,4,730.37,2921.48
169,56,90,2,1853.77,3707.54
170,57,124,4,17.06,68.24
171,57,90,3,1853.77,5561.31
172,57,122,1,982.18,982.18
173,57,25,3,1273.61,3820.83
174,57,113,1,1091.0,1091.0
175,58,6,3,1208.02,3624.06
176,59,43,2,1885.44,3770.88
177,60,45,4,1285.51,5142.04
178,60,142,4,1745.61,6982.44
179,60,41,2,775.69,1551.38
180,60,85,4,39.37,157.48
181,60,144,2,617.33,1234.66
182,61,111,1,146.89,146.89
183,61,102,2,173.15,346.3
184,62,110,2,537.75,1075.5
185,62,100,3,248.57,745.71
186,62,2,1,557.31,557.31
187,62,55,1,1970.79,1970.79
188,63,48,1,1526.3,1526.3
189,63,94,3,1474.12,4422.36
190,63,84,4,110.67,442.68
191,63,51,3,314.15,942.45
192,63,118,4,1780.53,7122.12
193,64,101,2,1162.05,2324.1
194,64,30,3,542.8,1628.4
195,64,90,1,1853.77,1853.77
196,64,91,2,851.78,1703.56
197,64,118,3,1780.53,5341.59
198,65,62,3,1858.54,5575.62
199,66,47,3,1908.09,5724.27
200,67,131,4,93.24,372.96
201,67,100,2,248.57,497.14
202,68,99,2,145.24,290.48
203,68,109,2,155.79,311.58
204,68,48,4,1526.3,6105.2
205,68,125,3,1959.8,5879.4
206,68,138,2,830.47,1660.94
207,69,81,1,849.54,849.54
208,69,116,3,1864.19,5592.57
209,70,125,2,1959.8,3919.6
210,71,99,4,145.24,580.96
211,71,144,4,617.33,2469.32
212,72,107,1,1858.75,1858.75
213,72,114,1,1967.87,1967.87
214,72,126,2,889.25,1778.5
215,72,43,3,1885.44,5656.32
216,73,71,2,564.17,1128.34
217,74,74,1,820.05,820.05
218,74,44,1,1770.73,1770.73
219,74,118,3,1780.53,5341.59
220,74,145,3,57.09,171.27
221,74,127,1,29.24,29.24
222,75,140,2,1343.12,2686.24
223,75,56,3,125.27,375.81
224,75,109,1,155.79,155.79
225,75,27,4,547.2,2188.8
226,76,90,1,1853.77,1853.77
227,76,23,2,746.66,1493.32
228,76,113,2,1091.0,2182.0
229,77,90,2,1853.77,3707.54
230,77,110,1,537.75,537.75
231,77,43,3,1885.44,5656.32
232,77,36,3,1173.33,3519.99
233,77,53,2,11.14,22.28
234,78,75,1,1321.38,1321.38
235,78,147,2,565.46,1130.92
236,78,69,4,144.13,576.52
237,79,71,2,564.17,1128.34
238,80,64,3,1800.23,5400.69
239,80,38,2,992.1,1984.2
240,81,126,4,889.25,3557.0
241,81,37,4,730.37,2921.48
242,81,148,4,1362.24,5448.96
243,81,69,1,144.13,144.13
244,82,104,3,1342.75,4028.25
245,83,117,1,1757.47,1757.47
246,83,125,1,1959.8,1959.8
247,83,84,4,110.67,442.68
248,84,17,2,1108.56,2217.12
249,84,137,4,333.38,1333.52
250,84,102,2,173.15,346.3
251,85,69,2,144.13,288.26
252,85,83,4,1617.96,6471.84
253,85,73,3,950.62,2851.86
254,85,87,1,818.76,818.76
255,86,26,4,497.17,1988.68
256,87,32,2,1314.32,2628.64
257,88,117,2,1757.47,3514.94
258,88,1,3,1282.46,3847.38
259,88,110,2,537.75,1075.5
260,88,52,3,1907.46,5722.38
261,89,93,3,600.45,1801.35
262,90,96,2,958.81,1917.62
263,91,102,3,173.15,519.45
264,92,110,1,537.75,537.75
265,92,24,1,541.29,541.29
266,93,123,2,1272.23,2544.46
267,93,20,2,463.52,927.04
268,94,114,2,1967.87,3935.74
269,94,3,4,1475.58,5902.32
270,94,88,1,1730.65,1730.65
271,94,31,2,1886.39,3772.78
272,94,109,4,155.79,623.16
273,95,27,1,547.2,547.2
274,96,95,4,634.07,2536.28
275,96,77,2,1310.38,2620.76
276,96,36,2,1173.33,2346.66
277,97,136,1,317.56,317.56
278,98,43,4,1885.44,7541.76
279,98,113,4,1091.0,4364.0
280,98,90,2,1853.77,3707.54
281,98,55,1,1970.79,1970.79
282,98,39,1,228.2,228.2
283,99,32,3,1314.32,3942.96
284,99,99,4,145.24,580.96
285,100,36,1,1173.33,1173.33
286,100,64,2,1800.23,3600.46
287,100,71,3,564.17,1692.51
288,101,78,2,811.22,1622.44
289,102,131,2,93.24,186.48
290,102,49,4,221.76,887.04
291,102,101,4,1162.05,4648.2
292,102,76,1,828.09,828.09
293,102,14,2,694.47,1388.94
294,103,19,3,1412.1,4236.3
295,103,136,2,317.56,635.12
296,103,4,4,1185.08,4740.32
297,103,93,4,600.45,2401.8
298,104,140,1,1343.12,1343.12
299,104,45,1,1285.51,1285.51
300,104,121,1,1272.13,1272.13
301,105,68,2,1418.6,2837.2
302,106,16,4,258.4,1033.6
303,107,74,1,820.05,820.05
304,107,129,2,81.7,163.4
305,107,107,3,1858.75,5576.25
306,107,109,1,155.79,155.79
307,107,103,3,1050.34,3151.02
308,108,131,2,93.24,186.48
309,109,138,4,830.47,3321.88
310,109,84,1,110.67,110.67
311,110,112,2,577.12,1154.24
312,110,62,1,1858.54,1858.54
313,110,15,4,96.47,385.88
314,111,117,1,1757.47,1757.47
315,112,45,2,1285.51,2571.02
316,112,31,1,1886.39,1886.39
317,112,4,2,1185.08,2370.16
318,113,89,2,764.16,1528.32
319,113,134,3,214.56,643.68
320,113,133,2,722.04,1444.08
321,113,67,3,1181.0,3543.0
322,114,8,3,448.68,1346.04
323,115,70,1,667.55,667.55
324,115,135,4,1750.68,7002.72
325,115,17,4,1108.56,4434.24
326,115,68,3,1418.6,4255.8
327,116,128,2,1767.38,3534.76
328,117,41,1,775.69,775.69
329,117,66,2,51.86,103.72
330,117,27,1,547.2,547.2
331,118,4,2,1185.08,2370.16
332,119,121,3,1272.13,3816.39
333,120,39,4,228.2,912.8
334,120,46,2,875.18,1750.36
335,120,10,3,1613.58,4840.74
336,120,142,2,1745.61,3491.22
337,121,82,3,507.11,1521.33
338,121,70,1,667.55,667.55
339,121,20,1,463.52,463.52
340,121,147,2,565.46,1130.92
341,122,133,4,722.04,2888.16
342,122,12,1,1529.35,1529.35
343,123,73,4,950.62,3802.48
344,123,80,1,388.52,388.52
345,123,84,3,110.67,332.01
346,123,23,2,746.66,1493.32
347,124,145,4,57.09,228.36
348,124,78,3,811.22,2433.66
349,124,63,4,630.32,2521.28
350,125,140,2,1343.12,2686.24
351,125,63,1,630.32,630.32
352,126,7,1,1434.88,1434.88
353,126,60,3,1104.11,3312.33
354,126,139,1,1849.73,1849.73
355,126,89,4,764.16,3056.64
356,127,27,2,547.2,1094.4
357,127,53,4,11.14,44.56
358,127,136,4,317.56,1270.24
359,128,37,3,730.37,2191.11
360,129,12,2,1529.35,3058.7
361,130,106,1,1294.55,1294.55
362,130,96,2,958.81,1917.62
363,130,118,4,1780.53,7122.12
364,130,22,1,563.17,563.17
365,130,149,1,1879.08,1879.08
366,131,34,3,537.11,1611.33
367,131,61,4,1746.14,6984.56
368,131,75,3,1321.38,3964.14
369,131,67,3,1181.0,3543.0
370,132,70,2,667.55,1335.1
371,132,60,1,1104.11,1104.11
372,132,20,2,463.52,927.04
373,132,52,1,1907.46,1907.46
374,133,116,3,1864.19,5592.57
375,133,120,4,1438.05,5752.2
376,134,138,3,830.47,2491.41
377,135,116,4,1864.19,7456.76
378,135,79,3,1724.73,5174.19
379,136,24,2,541.29,1082.58
380,137,11,2,562.96,1125.92
381,137,56,1,125.27,125.27
382,137,84,2,110.67,221.34
383,138,102,3,173.15,519.45
384,138,132,3,1866.85,5600.55
385,138,13,2,766.06,1532.12
386,139,104,4,1342.75,5371.0
387,140,141,2,326.8,653.6
388,140,64,1,1800.23,1800.23
389,140,25,1,1273.61,1273.61
390,140,119,1,551.97,551.97
391,140,27,2,547.2,1094.4
392,141,51,3,314.15,942.45
393,141,103,1,1050.34,1050.34
394,142,67,4,1181.0,4724.0
395,142,20,2,463.52,927.04
396,142,6,1,1208.02,1208.02
397,142,17,3,1108.56,3325.68
398,142,51,1,314.15,314.15
399,143,119,1,551.97,551.97
400,144,147,4,565.46,2261.84
401,144,111,4,146.89,587.56
402,145,98,4,1704.17,6816.68
403,146,91,2,851.78,1703.56
404,146,55,3,1970.79,5912.37
405,147,115,2,1339.05,2678.1
406,147,39,3,228.2,684.6
407,147,9,4,1620.77,6483.08
408,148,141,3,326.8,980.4
409,148,123,4,1272.23,5088.92
410,148,16,2,258.4,516.8
411,148,23,4,746.66,2986.64
412,149,135,1,1750.68,1750.68
413,149,64,4,1800.23,7200.92
414,150,123,3,1272.23,3816.69
415,150,140,3,1343.12,4029.36
416,150,125,4,1959.8,7839.2
417,151,47,2,1908.09,3816.18
418,151,7,1,1434.88,1434.88
419,151,82,3,507.11,1521.33
420,152,121,3,1272.13,3816.39
421,153,60,3,1104.11,3312.33
422,153,41,1,775.69,775.69
423,153,26,2,497.17,994.34
424,153,64,4,1800.23,7200.92
425,153,62,3,1858.54,5575.62
426,154,46,3,875.18,2625.54
427,154,61,3,1746.14,5238.42
428,155,8,2,448.68,897.36
429,155,91,4,851.78,3407.12
430,155,146,3,663.24,1989.72
431,155,145,2,57.09,114.18
432,155,37,4,730.37,2921.48
433,156,24,1,541.29,541.29
434,157,57,4,166.73,666.92
435,157,6,1,1208.02,1208.02
436,158,52,2,1907.46,3814.92
437,158,34,3,537.11,1611.33
438,158,88,1,1730.65,1730.65
439,159,38,2,992.1,1984.2
440,160,135,3,1750.68,5252.04
441,161,96,4,958.81,3835.24
442,162,26,2,497.17,994.34
443,162,87,4,818.76,3275.04
444,162,78,4,811.22,3244.88
445,162,83,3,1617.96,4853.88
446,162,35,2,1127.12,2254.24
447,163,92,3,1439.63,4318.89
448,163,58,2,147.73,295.46
449,163,45,2,1285.51,2571.02
450,163,97,1,123.19,123.19
451,163,79,4,1724.73,6898.92
452,164,9,1,1620.77,1620.77
453,164,47,4,1908.09,7632.36
454,164,82,2,507.11,1014.22
455,164,57,3,166.73,500.19
456,164,145,1,57.09,57.09
457,165,89,2,764.16,1528.32
458,165,82,1,507.11,507.11
459,166,115,2,1339.05,2678.1
460,166,3,2,1475.58,2951.16
461,166,68,1,1418.6,1418.6
462,167,66,1,51.86,51.86
463,167,28,4,1372.38,5489.52
464,167,1,4,1282.46,5129.84
465,168,43,3,1885.44,5656.32
466,168,106,4,1294.55,5178.2
467,168,127,1,29.24,29.24
468,168,97,4,123.19,492.76
469,169,58,3,147.73,443.19
470,169,42,1,1062.94,1062.94
471,169,116,3,1864.19,5592.57
472,169,19,3,1412.1,4236.3
473,169,9,1,1620.77,1620.77
474,170,88,2,1730.65,3461.3
475,171,42,3,1062.94,3188.82
476,171,20,4,463.52,1854.08
477,171,141,1,326.8,326.8
478,171,24,4,541.29,2165.16
479,172,112,1,577.12,577.12
480,172,41,1,775.69,775.69
481,173,53,3,11.14,33.42
482,173,49,3,221.76,665.28
483,173,105,3,538.57,1615.71
484,174,25,4,1273.61,5094.44
485,174,13,4,766.06,3064.24
486,175,14,1,694.47,694.47
487,175,93,4,600.45,2401.8
488,176,76,4,828.09,3312.36
489,177,25,2,1273.61,2547.22
490,177,7,2,1434.88,2869.76
491,178,21,3,1712.08,5136.24
492,178,122,4,982.18,3928.72
493,178,30,4,542.8,2171.2
494,179,68,2,1418.6,2837.2
495,179,24,3,541.29,1623.87
496,179,140,4,1343.12,5372.48
497,179,100,3,248.57,745.71
498,180,115,3,1339.05,4017.15
499,180,12,4,1529.35,6117.4
500,181,68,1,1418.6,1418.6
501,181,58,2,147.73,295.46
502,181,69,1,144.13,144.13
503,181,145,1,57.09,57.09
504,182,139,1,1849.73,1849.73
505,182,106,4,1294.55,5178.2
506,182,59,4,260.26,1041.04
507,183,122,4,982.18,3928.72
508,183,147,1,565.46,565.46
509,183,61,2,1746.14,3492.28
510,183,77,1,1310.38,1310.38
511,183,21,4,1712.08,6848.32
512,184,43,2,1885.44,3770.88
513,184,55,2,1970.79,3941.58
514,185,109,1,155.79,155.79
515,186,52,1,1907.46,1907.46
516,186,38,1,992.1,992.1
517,186,67,4,1181.0,4724.0
518,186,82,4,507.11,2028.44
519,187,84,4,110.67,442.68
520,187,71,1,564.17,564.17
521,187,134,4,214.56,858.24
522,187,118,2,1780.53,3561.06
523,187,4,2,1185.08,2370.16
524,188,150,3,1941.1,5823.3
525,188,26,4,497.17,1988.68
526,188,28,3,1372.38,4117.14
527,188,145,4,57.09,228.36
528,188,74,4,820.05,3280.2
529,189,122,2,982.18,1964.36
530,189,10,4,1613.58,6454.32
531,189,45,1,1285.51,1285.51
532,189,71,4,564.17,2256.68
533,189,104,3,1342.75,4028.25
534,190,13,3,766.06,2298.18
535,190,122,3,982.18,2946.54
536,191,87,3,818.76,2456.28
537,192,72,2,1083.08,2166.16
538,192,126,2,889.25,1778.5
539,192,26,3,497.17,1491.51
540,193,83,2,1617.96,3235.92
541,193,69,4,144.13,576.52
542,193,107,2,1858.75,3717.5
543,193,23,4,746.66,2986.64
544,194,133,2,722.04,1444.08
545,194,96,1,958.81,958.81
546,194,15,3,96.47,289.41
547,194,132,4,1866.85,7467.4
548,195,135,1,1750.68,1750.68
549,195,146,2,663.24,1326.48
550,196,52,2,1907.46,3814.92
551,196,15,1,96.47,96.47
552,197,13,3,766.06,2298.18
553,197,93,4,600.45,2401.8
554,197,51,4,314.15,1256.6
555,197,71,1,564.17,564.17
556,198,62,3,1858.54,5575.62
557,199,115,3,1339.05,4017.15
558,199,46,3,875.18,2625.54
559,199,122,2,982.18,1964.36
560,199,142,3,1745.61,5236.83
561,200,73,1,950.62,950.62
562,201,13,2,766.06,1532.12
563,201,42,2,1062.94,2125.88
564,201,147,2,565.46,1130.92
565,201,55,3,1970.79,5912.37
566,202,132,2,1866.85,3733.7
567,202,6,2,1208.02,2416.04
568,202,3,1,1475.58,1475.58
569,202,122,2,982.18,1964.36
570,203,79,4,1724.73,6898.92
571,203,71,3,564.17,1692.51
572,203,109,4,155.79,623.16
573,204,56,4,125.27,501.08
574,204,120,1,1438.05,1438.05
575,204,78,1,811.22,811.22
576,205,96,4,958.81,3835.24
577,205,144,1,617.33,617.33
578,205,73,3,950.62,2851.86
579,205,77,3,1310.38,3931.14
580,205,28,3,1372.38,4117.14
581,206,67,2,1181.0,2362.0
582,206,77,2,1310.38,2620.76
583,206,49,1,221.76,221.76
584,207,104,3,1342.75,4028.25
585,207,82,3,507.11,1521.33
586,207,36,4,1173.33,4693.32
587,207,7,4,1434.88,5739.52
588,207,128,4,1767.38,7069.52
589,208,150,2,1941.1,3882.2
590,209,57,3,166.73,500.19
591,209,137,3,333.38,1000.14
592,209,122,2,982.18,1964.36
593,210,47,3,1908.09,5724.27
594,210,76,2,828.09,1656.18
595,210,25,3,1273.61,3820.83
596,210,121,1,1272.13,1272.13
597,210,33,2,1829.95,3659.9
598,211,58,3,147.73,443.19
599,211,79,3,1724.73,5174.19
600,211,108,3,921.99,2765.97
601,212,76,1,828.09,828.09
602,212,119,4,551.97,2207.88
603,212,31,2,1886.39,3772.78
604,212,121,1,1272.13,1272.13
605,212,14,4,694.47,2777.88
606,213,77,2,1310.38,2620.76
607,213,106,3,1294.55,3883.65
608,213,14,4,694.47,2777.88
609,213,39,4,228.2,912.8
610,213,36,2,1173.33,2346.66
611,214,47,3,1908.09,5724.27
612,214,21,2,1712.08,3424.16
613,214,125,3,1959.8,5879.4
614,215,2,4,557.31,2229.24
615,216,54,2,48.76,97.52
616,216,44,4,1770.73,7082.92
617,216,148,1,1362.24,1362.24
618,217,112,4,577.12,2308.48
619,217,110,4,537.75,2151.0
620,218,99,2,145.24,290.48
621,218,2,3,557.31,1671.93
622,218,10,1,1613.58,1613.58
623,218,137,3,333.38,1000.14
624,219,49,3,221.76,665.28
625,219,5,3,196.45,589.35
626,219,2,2,557.31,1114.62
627,219,64,1,1800.23,1800.23
628,219,58,4,147.73,590.92
629,220,79,3,1724.73,5174.19
630,220,43,4,1885.44,7541.76
631,220,17,3,1108.56,3325.68
632,220,12,4,1529.35,6117.4
633,220,77,2,1310.38,2620.76
634,221,126,2,889.25,1778.5
635,221,92,4,1439.63,5758.52
636,221,49,1,221.76,221.76
637,222,58,2,147.73,295.46
638,222,34,1,537.11,537.11
639,223,130,4,1109.52,4438.08
640,223,44,3,1770.73,5312.19
641,223,32,1,1314.32,1314.32
642,223,94,1,1474.12,1474.12
643,223,10,1,1613.58,1613.58
644,224,13,1,766.06,766.06
645,225,114,3,1967.87,5903.61
646,225,98,4,1704.17,6816.68
647,225,32,2,1314.32,2628.64
648,225,141,2,326.8,653.6
649,226,78,4,811.22,3244.88
650,227,134,3,214.56,643.68
651,228,36,3,1173.33,3519.99
652,228,108,1,921.99,921.99
653,228,27,1,547.2,547.2
654,228,131,4,93.24,372.96
655,228,31,2,1886.39,3772.78
656,229,52,3,1907.46,5722.38
657,229,68,2,1418.6,2837.2
658,229,134,1,214.56,214.56
659,229,92,4,1439.63,5758.52
660,229,105,2,538.57,1077.14
661,230,85,1,39.37,39.37
662,230,61,1,1746.14,1746.14
663,230,1,4,1282.46,5129.84
664,230,4,2,1185.08,2370.16
665,231,131,1,93.24,93.24
666,232,66,2,51.86,103.72
667,233,76,1,828.09,828.09
668,233,68,2,1418.6,2837.2
669,233,119,1,551.97,551.97
670,233,13,3,766.06,2298.18
671,234,81,1,849.54,849.54
672,234,110,1,537.75,537.75
673,234,30,1,542.8,542.8
674,235,44,3,1770.73,5312.19
675,235,85,4,39.37,157.48
676,236,69,1,144.13,144.13
677,236,24,4,541.29,2165.16
678,236,96,4,958.81,3835.24
679,236,88,4,1730.65,6922.6
680,236,47,3,1908.09,5724.27
681,237,123,2,1272.23,2544.46
682,237,108,1,921.99,921.99
683,237,43,2,1885.44,3770.88
684,237,29,1,1645.39,1645.39
685,238,124,4,17.06,68.24
686,238,146,3,663.24,1989.72
687,238,113,1,1091.0,1091.0
688,238,47,2,1908.09,3816.18
689,239,125,1,1959.8,1959.8
690,239,29,1,1645.39,1645.39
691,239,106,3,1294.55,3883.65
692,239,113,3,1091.0,3273.0
693,240,135,2,1750.68,3501.36
694,241,133,4,722.04,2888.16
695,241,134,2,214.56,429.12
696,241,25,4,1273.61,5094.44
697,242,99,1,145.24,145.24
698,242,39,1,228.2,228.2
699,242,143,2,407.15,814.3
700,243,121,3,1272.13,3816.39
701,243,127,2,29.24,58.48
702,243,43,3,1885.44,5656.32
703,243,20,3,463.52,1390.56
704,243,126,1,889.25,889.25
705,244,58,1,147.73,147.73
706,244,141,4,326.8,1307.2
707,244,97,4,123.19,492.76
708,244,104,4,1342.75,5371.0
709,244,61,1,1746.14,1746.14
710,245,115,1,1339.05,1339.05
711,245,81,1,849.54,849.54
712,245,31,4,1886.39,7545.56
713,245,128,4,1767.38,7069.52
714,246,143,1,407.15,407.15
715,247,78,2,811.22,1622.44
716,248,88,4,1730.65,6922.6
717,248,94,3,1474.12,4422.36
718,248,14,4,694.47,2777.88
719,248,58,3,147.73,443.19
720,249,30,3,542.8,1628.4
721,249,25,3,1273.61,3820.83
722,249,57,3,166.73,500.19
723,249,1,3,1282.46,3847.38
724,250,12,2,1529.35,3058.7
725,251,36,2,1173.33,2346.66
726,251,105,2,538.57,1077.14
727,251,28,1,1372.38,1372.38
728,251,66,4,51.86,207.44
729,252,118,3,1780.53,5341.59
730,252,49,1,221.76,221.76
731,253,12,2,1529.35,3058.7
732,253,32,4,1314.32,5257.28
733,253,116,1,1864.19,1864.19
734,253,118,1,1780.53,1780.53
735,254,111,2,146.89,293.78
736,254,150,2,1941.1,3882.2
737,254,124,1,17.06,17.06
738,254,131,4,93.24,372.96
739,254,46,3,875.18,2625.54
740,255,99,3,145.24,435.72
741,255,108,3,921.99,2765.97
742,255,64,4,1800.23,7200.92
743,255,71,2,564.17,1128.34
744,255,102,2,173.15,346.3
745,256,132,2,1866.85,3733.7
746,256,77,2,1310.38,2620.76
747,256,141,2,326.8,653.6
748,256,81,3,849.54,2548.62
749,257,34,3,537.11,1611.33
750,257,46,1,875.18,875.18
751,257,129,3,81.7,245.1
752,258,123,3,1272.23,3816.69
753,258,150,4,1941.1,7764.4
754,258,147,1,565.46,565.46
755,258,107,1,1858.75,1858.75
756,258,137,1,333.38,333.38
757,259,38,3,992.1,2976.3
758,259,14,2,694.47,1388.94
759,259,15,3,96.47,289.41
760,259,52,3,1907.46,5722.38
761,260,16,2,258.4,516.8
762,260,76,1,828.09,828.09
763,261,116,2,1864.19,3728.38
764,261,27,4,547.2,2188.8
765,261,144,2,617.33,1234.66
766,262,74,3,820.05,2460.15
767,262,13,1,766.06,766.06
768,262,98,1,1704.17,1704.17
769,262,100,3,248.57,745.71
770,262,107,2,1858.75,3717.5
771,263,114,2,1967.87,3935.74
772,263,58,3,147.73,443.19
773,263,95,4,634.07,2536.28
774,263,140,2,1343.12,2686.24
775,263,51,1,314.15,314.15
776,264,45,1,1285.51,1285.51
777,264,132,4,1866.85,7467.4
778,265,110,3,537.75,1613.25
779,266,68,1,1418.6,1418.6
780,266,34,3,537.11,1611.33
781,266,42,4,1062.94,4251.76
782,266,150,2,1941.1,3882.2
783,266,66,1,51.86,51.86
784,267,83,3,1617.96,4853.88
785,267,14,4,694.47,2777.88
786,268,141,2,326.8,653.6
787,268,92,2,1439.63,2879.26
788,268,19,1,1412.1,1412.1
789,268,82,2,507.11,1014.22
790,268,135,4,1750.68,7002.72
791,269,138,2,830.47,1660.94
792,269,104,3,1342.75,4028.25
793,269,24,3,541.29,1623.87
794,269,90,3,1853.77,5561.31
795,269,57,3,166.73,500.19
796,270,136,1,317.56,317.56
797,270,122,1,982.18,982.18
798,271,115,1,1339.05,1339.05
799,271,62,3,1858.54,5575.62
800,271,63,4,630.32,2521.28
801,272,99,3,145.24,435.72
802,273,73,4,950.62,3802.48
803,273,7,4,1434.88,5739.52
804,273,133,1,722.04,722.04
805,273,96,3,958.81,2876.43
806,273,132,2,1866.85,3733.7
807,274,132,2,1866.85,3733.7
808,274,22,1,563.17,563.17
809,274,25,1,1273.61,1273.61
810,275,55,1,1970.79,1970.79
811,275,109,2,155.79,311.58
812,276,112,3,577.12,1731.36
813,276,19,1,1412.1,1412.1
814,276,40,1,1364.16,1364.16
815,276,7,1,1434.88,1434.88
816,276,118,1,1780.53,1780.53
817,277,65,1,503.33,503.33
818,277,143,2,407.15,814.3
819,278,105,4,538.57,2154.28
820,278,100,4,248.57,994.28
821,278,116,3,1864.19,5592.57
822,279,100,1,248.57,248.57
823,280,2,3,557.31,1671.93
824,280,17,1,1108.56,1108.56
825,280,150,3,1941.1,5823.3
826,280,12,3,1529.35,4588.05
827,280,19,1,1412.1,1412.1
828,281,113,1,1091.0,1091.0
829,281,98,4,1704.17,6816.68
830,281,102,2,173.15,346.3
831,282,57,2,166.73,333.46
832,282,35,3,1127.12,3381.36
833,282,101,3,1162.05,3486.15
834,282,140,1,1343.12,1343.12
835,282,76,2,828.09,1656.18
836,283,11,1,562.96,562.96
837,284,101,2,1162.05,2324.1
838,284,138,3,830.47,2491.41
839,284,141,2,326.8,653.6
840,284,22,4,563.17,2252.68
841,284,79,2,1724.73,3449.46
842,285,48,3,1526.3,4578.9
843,285,57,2,166.73,333.46
844,286,47,1,1908.09,1908.09
845,287,119,3,551.97,1655.91
846,287,141,1,326.8,326.8
847,287,19,2,1412.1,2824.2
848,287,75,4,1321.38,5285.52
849,287,18,3,1724.8,5174.4
850,288,33,3,1829.95,5489.85
851,288,61,1,1746.14,1746.14
852,288,26,2,497.17,994.34
853,289,125,3,1959.8,5879.4
854,289,116,2,1864.19,3728.38
855,289,85,3,39.37,118.11
856,290,110,3,537.75,1613.25
857,290,44,2,1770.73,3541.46
858,290,2,2,557.31,1114.62
859,291,71,4,564.17,2256.68
860,291,93,4,600.45,2401.8
861,291,35,4,1127.12,4508.48
862,291,85,3,39.37,118.11
863,292,125,2,1959.8,3919.6
864,292,142,1,1745.61,1745.61
865,292,28,3,1372.38,4117.14
866,293,138,3,830.47,2491.41
867,293,51,1,314.15,314.15
868,294,5,1,196.45,196.45
869,295,149,3,1879.08,5637.24
870,295,104,4,1342.75,5371.0
871,295,55,2,1970.79,3941.58
872,295,10,3,1613.58,4840.74
873,295,142,4,1745.61,6982.44
874,296,75,4,1321.38,5285.52
875,296,35,1,1127.12,1127.12
876,297,94,2,1474.12,2948.24
877,297,129,2,81.7,163.4
878,297,3,4,1475.58,5902.32
879,297,62,2,1858.54,3717.08
880,298,145,4,57.09,228.36
881,298,38,3,992.1,2976.3
882,299,57,4,166.73,666.92
883,300,17,3,1108.56,3325.68
884,300,68,2,1418.6,2837.2
885,301,53,3,11.14,33.42
886,302,121,3,1272.13,3816.39
887,302,117,1,1757.47,1757.47
888,302,12,3,1529.35,4588.05
889,302,11,3,562.96,1688.88
890,303,140,1,1343.12,1343.12
891,303,146,3,663.24,1989.72
892,303,45,4,1285.51,5142.04
893,303,97,2,123.19,246.38
894,303,94,4,1474.12,5896.48
895,304,89,1,764.16,764.16
896,304,125,2,1959.8,3919.6
897,304,124,4,17.06,68.24
898,305,59,3,260.26,780.78
899,305,20,2,463.52,927.04
900,306,48,3,1526.3,4578.9
901,306,41,1,775.69,775.69
902,307,107,1,1858.75,1858.75
903,307,85,4,39.37,157.48
904,308,123,1,1272.23,1272.23
905,308,54,2,48.76,97.52
906,308,42,1,1062.94,1062.94
907,308,106,2,1294.55,2589.1
908,309,42,2,1062.94,2125.88
909,309,35,1,1127.12,1127.12
910,309,132,2,1866.85,3733.7
911,309,11,3,562.96,1688.88
912,309,147,2,565.46,1130.92
913,310,104,2,1342.75,2685.5
914,310,145,4,57.09,228.36
915,310,5,4,196.45,785.8
916,310,73,4,950.62,3802.48
917,310,22,2,563.17,1126.34
918,311,106,2,1294.55,2589.1
919,311,37,3,730.37,2191.11
920,312,88,1,1730.65,1730.65
921,312,117,2,1757.47,3514.94
922,313,99,2,145.24,290.48
923,313,34,4,537.11,2148.44
924,313,28,2,1372.38,2744.76
925,313,5,1,196.45,196.45
926,314,122,1,982.18,982.18
927,314,10,1,1613.58,1613.58
928,315,34,4,537.11,2148.44
929,315,139,3,1849.73,5549.19
930,315,1,1,1282.46,1282.46
931,315,111,4,146.89,587.56
932,316,124,3,17.06,51.18
933,316,98,1,1704.17,1704.17
934,317,35,1,1127.12,1127.12
935,317,66,3,51.86,155.58
936,317,123,4,1272.23,5088.92
937,317,60,3,1104.11,3312.33
938,318,2,1,557.31,557.31
939,318,148,1,1362.24,1362.24
940,319,53,1,11.14,11.14
941,319,81,2,849.54,1699.08
942,319,105,4,538.57,2154.28
943,319,93,3,600.45,1801.35
944,320,138,3,830.47,2491.41
945,320,109,3,155.79,467.37
946,320,145,4,57.09,228.36
947,321,106,4,1294.55,5178.2
948,321,142,2,1745.61,3491.22
949,322,144,3,617.33,1851.99
950,322,143,3,407.15,1221.45
951,322,124,3,17.06,51.18
952,323,36,2,1173.33,2346.66
953,323,31,1,1886.39,1886.39
954,323,59,2,260.26,520.52
955,323,115,4,1339.05,5356.2
956,324,141,4,326.8,1307.2
957,324,14,1,694.47,694.47
958,324,42,1,1062.94,1062.94
959,325,121,1,1272.13,1272.13
960,325,112,1,577.12,577.12
961,326,57,1,166.73,166.73
962,326,95,4,634.07,2536.28
963,326,21,4,1712.08,6848.32
964,327,134,4,214.56,858.24
965,327,74,1,820.05,820.05
966,327,15,2,96.47,192.94
967,327,45,3,1285.51,3856.53
968,327,127,2,29.24,58.48
969,328,131,2,93.24,186.48
970,329,44,2,1770.73,3541.46
971,329,10,1,1613.58,1613.58
972,329,93,3,600.45,1801.35
973,329,62,4,1858.54,7434.16
974,329,1,3,1282.46,3847.38
975,330,104,1,1342.75,1342.75
976,330,52,1,1907.46,1907.46
977,330,133,3,722.04,2166.12
978,330,4,3,1185.08,3555.24
979,331,71,4,564.17,2256.68
980,331,58,4,147.73,590.92
981,331,50,1,1281.51,1281.51
982,332,45,1,1285.51,1285.51
983,332,105,1,538.57,538.57
984,332,130,3,1109.52,3328.56
985,333,30,3,542.8,1628.4
986,333,132,4,1866.85,7467.4
987,333,66,4,51.86,207.44
988,334,124,4,17.06,68.24
989,334,63,1,630.32,630.32
990,334,87,3,818.76,2456.28
991,334,118,1,1780.53,1780.53
992,334,8,4,448.68,1794.72
993,335,59,4,260.26,1041.04
994,335,81,3,849.54,2548.62
995,336,138,1,830.47,830.47
996,336,3,4,1475.58,5902.32
997,336,68,3,1418.6,4255.8
998,336,64,1,1800.23,1800.23
999,336,74,2,820.05,1640.1
1000,337,81,3,849.54,2548.62
1001,337,91,2,851.78,1703.56
1002,337,56,2,125.27,250.54
1003,337,147,4,565.46,2261.84
1004,338,61,3,1746.14,5238.42
1005,338,62,2,1858.54,3717.08
1006,339,52,3,1907.46,5722.38
1007,339,64,2,1800.23,3600.46
1008,340,31,1,1886.39,1886.39
1009,341,2,3,557.31,1671.93
1010,341,139,3,1849.73,5549.19
1011,341,11,4,562.96,2251.84
1012,341,124,3,17.06,51.18
1013,342,47,2,1908.09,3816.18
1014,342,131,2,93.24,186.48
1015,342,72,1,1083.08,1083.08
1016,342,102,4,173.15,692.6
1017,343,139,4,1849.73,7398.92
1018,343,9,2,1620.77,3241.54
1019,343,129,4,81.7,326.8
1020,343,89,1,764.16,764.16
1021,344,118,4,1780.53,7122.12
1022,344,81,1,849.54,849.54
1023,344,3,3,1475.58,4426.74
1024,344,4,3,1185.08,3555.24
1025,344,54,3,48.76,146.28
1026,345,141,2,326.8,653.6
1027,345,68,3,1418.6,4255.8
1028,346,88,4,1730.65,6922.6
1029,346,94,2,1474.12,2948.24
1030,346,48,4,1526.3,6105.2
1031,346,128,3,1767.38,5302.14
1032,347,103,2,1050.34,2100.68
1033,347,72,2,1083.08,2166.16
1034,347,116,2,1864.19,3728.38
1035,348,70,2,667.55,1335.1
1036,349,111,4,146.89,587.56
1037,349,98,1,1704.17,1704.17
1038,349,51,2,314.15,628.3
1039,349,38,4,992.1,3968.4
1040,349,39,4,228.2,912.8
1041,350,133,3,722.04,2166.12
1042,350,137,4,333.38,1333.52
1043,351,65,1,503.33,503.33
1044,351,144,4,617.33,2469.32
1045,351,146,1,663.24,663.24
1046,352,16,3,258.4,775.2
1047,352,56,4,125.27,501.08
1048,353,116,3,1864.19,5592.57
1049,354,93,3,600.45,1801.35
1050,354,144,3,617.33,1851.99
1051,354,143,1,407.15,407.15
1052,355,32,2,1314.32,2628.64
1053,355,90,3,1853.77,5561.31
1054,355,51,3,314.15,942.45
1055,355,148,3,1362.24,4086.72
1056,356,125,4,1959.8,7839.2
1057,356,115,2,1339.05,2678.1
1058,356,21,2,1712.08,3424.16
1059,356,98,3,1704.17,5112.51
1060,356,74,4,820.05,3280.2
1061,357,147,3,565.46,1696.38
1062,357,104,2,1342.75,2685.5
1063,357,19,3,1412.1,4236.3
1064,357,21,3,1712.08,5136.24
1065,357,42,3,1062.94,3188.82
1066,358,102,3,173.15,519.45
1067,358,70,4,667.55,2670.2
1068,358,114,4,1967.87,7871.48
1069,359,48,2,1526.3,3052.6
1070,359,6,2,1208.02,2416.04
1071,360,21,4,1712.08,6848.32
1072,360,54,1,48.76,48.76
1073,360,43,1,1885.44,1885.44
1074,361,122,1,982.18,982.18
1075,362,102,1,173.15,173.15
1076,363,68,2,1418.6,2837.2
1077,364,100,3,248.57,745.71
1078,365,64,4,1800.23,7200.92
1079,365,73,2,950.62,1901.24
1080,366,135,1,1750.68,1750.68
1081,366,44,1,1770.73,1770.73
1082,367,84,3,110.67,332.01
1083,367,122,4,982.18,3928.72
1084,367,120,2,1438.05,2876.1
1085,368,46,3,875.18,2625.54
1086,368,117,3,1757.47,5272.41
1087,368,145,4,57.09,228.36
1088,368,112,2,577.12,1154.24
1089,368,135,1,1750.68,1750.68
1090,369,79,2,1724.73,3449.46
1091,369,94,3,1474.12,4422.36
1092,369,106,1,1294.55,1294.55
1093,369,67,1,1181.0,1181.0
1094,370,35,1,1127.12,1127.12
1095,370,89,4,764.16,3056.64
1096,370,74,4,820.05,3280.2
1097,370,121,3,1272.13,3816.39
1098,370,137,1,333.38,333.38
1099,371,75,3,1321.38,3964.14
1100,371,60,2,1104.11,2208.22
1101,371,2,4,557.31,2229.24
1102,371,141,4,326.8,1307.2
1103,372,64,2,1800.23,3600.46
1104,372,42,3,1062.94,3188.82
1105,372,100,1,248.57,248.57
1106,372,97,4,123.19,492.76
1107,373,133,3,722.04,2166.12
1108,373,70,3,667.55,2002.65
1109,374,49,3,221.76,665.28
1110,374,18,1,1724.8,1724.8
1111,374,47,4,1908.09,7632.36
1112,374,35,4,1127.12,4508.48
1113,375,126,1,889.25,889.25
1114,375,49,2,221.76,443.52
1115,375,83,1,1617.96,1617.96
1116,376,6,2,1208.02,2416.04
1117,376,48,4,1526.3,6105.2
1118,376,27,1,547.2,547.2
1119,376,73,2,950.62,1901.24
1120,376,69,1,144.13,144.13
1121,377,4,2,1185.08,2370.16
1122,377,127,3,29.24,87.72
1123,378,80,1,388.52,388.52
1124,378,128,3,1767.38,5302.14
1125,378,96,1,958.81,958.81
1126,378,119,2,551.97,1103.94
1127,379,69,4,144.13,576.52
1128,380,140,4,1343.12,5372.48
1129,381,50,4,1281.51,5126.04
1130,381,65,1,503.33,503.33
1131,382,64,4,1800.23,7200.92
1132,383,64,1,1800.23,1800.23
1133,383,9,2,1620.77,3241.54
1134,383,51,4,314.15,1256.6
1135,383,118,4,1780.53,7122.12
1136,384,83,1,1617.96,1617.96
1137,384,41,3,775.69,2327.07
1138,384,11,4,562.96,2251.84
1139,385,51,2,314.15,628.3
1140,385,93,1,600.45,600.45
1141,385,14,2,694.47,1388.94
1142,386,84,1,110.67,110.67
1143,386,4,4,1185.08,4740.32
1144,386,43,2,1885.44,3770.88
1145,386,71,1,564.17,564.17
1146,387,149,4,1879.08,7516.32
1147,388,40,4,1364.16,5456.64
1148,388,96,1,958.81,958.81
1149,388,23,3,746.66,2239.98
1150,388,64,1,1800.23,1800.23
1151,388,41,1,775.69,775.69
1152,389,40,2,1364.16,2728.32
1153,389,138,4,830.47,3321.88
1154,389,28,2,1372.38,2744.76
1155,390,143,2,407.15,814.3
1156,390,89,1,764.16,764.16
1157,390,113,4,1091.0,4364.0
1158,391,35,4,1127.12,4508.48
1159,391,65,4,503.33,2013.32
1160,391,11,3,562.96,1688.88
1161,392,126,3,889.25,2667.75
1162,392,49,3,221.76,665.28
1163,392,146,4,663.24,2652.96
1164,392,48,3,1526.3,4578.9
1165,392,140,2,1343.12,2686.24
1166,393,136,2,317.56,635.12
1167,394,76,4,828.09,3312.36
1168,394,68,1,1418.6,1418.6
1169,394,139,4,1849.73,7398.92
1170,394,94,2,1474.12,2948.24
1171,395,94,2,1474.12,2948.24
1172,396,17,2,1108.56,2217.12
1173,396,138,4,830.47,3321.88
1174,396,100,2,248.57,497.14
1175,397,73,1,950.62,950.62
1176,397,83,1,1617.96,1617.96
1177,397,105,2,538.57,1077.14
1178,397,29,2,1645.39,3290.78
1179,397,25,1,1273.61,1273.61
1180,398,28,2,1372.38,2744.76
1181,398,125,1,1959.8,1959.8
1182,399,147,4,565.46,2261.84
1183,400,135,2,1750.68,3501.36
1184,400,66,1,51.86,51.86
1185,400,13,1,766.06,766.06
1186,400,94,2,1474.12,2948.24
1187,401,21,4,1712.08,6848.32
1188,401,120,3,1438.05,4314.15
1189,401,16,1,258.4,258.4
1190,401,93,3,600.45,1801.35
1191,402,11,1,562.96,562.96
1192,402,19,1,1412.1,1412.1
1193,402,78,2,811.22,1622.44
1194,402,20,4,463.52,1854.08
1195,402,56,2,125.27,250.54
1196,403,135,2,1750.68,3501.36
1197,403,64,4,1800.23,7200.92
1198,404,148,3,1362.24,4086.72
1199,405,110,4,537.75,2151.0
1200,405,27,3,547.2,1641.6
1201,405,43,2,1885.44,3770.88
1202,405,47,4,1908.09,7632.36
1203,406,81,3,849.54,2548.62
1204,406,141,4,326.8,1307.2
1205,406,84,4,110.67,442.68
1206,407,62,2,1858.54,3717.08
1207,407,145,4,57.09,228.36
1208,407,140,3,1343.12,4029.36
1209,408,116,1,1864.19,1864.19
1210,408,115,1,1339.05,1339.05
1211,408,102,3,173.15,519.45
1212,409,5,3,196.45,589.35
1213,409,133,2,722.04,1444.08
1214,409,35,2,1127.12,2254.24
1215,409,78,3,811.22,2433.66
1216,409,2,1,557.31,557.31
1217,410,142,2,1745.61,3491.22
1218,410,131,1,93.24,93.24
1219,410,143,1,407.15,407.15
1220,411,92,3,1439.63,4318.89
1221,411,40,2,1364.16,2728.32
1222,411,36,2,1173.33,2346.66
1223,411,68,3,1418.6,4255.8
1224,412,24,2,541.29,1082.58
1225,412,147,1,565.46,565.46
1226,412,103,3,1050.34,3151.02
1227,413,45,3,1285.51,3856.53
1228,413,125,1,1959.8,1959.8
1229,413,148,4,1362.24,5448.96
1230,413,25,1,1273.61,1273.61
1231,414,86,3,1509.6,4528.8
1232,415,107,4,1858.75,7435.0
1233,415,31,1,1886.39,1886.39
1234,415,59,3,260.26,780.78
1235,415,3,1,1475.58,1475.58
1236,416,139,3,1849.73,5549.19
1237,416,145,2,57.09,114.18
1238,416,39,2,228.2,456.4
1239,417,101,4,1162.05,4648.2
1240,418,148,3,1362.24,4086.72
1241,418,130,4,1109.52,4438.08
1242,418,24,2,541.29,1082.58
1243,418,57,2,166.73,333.46
1244,418,111,3,146.89,440.67
1245,419,122,1,982.18,982.18
1246,420,103,2,1050.34,2100.68
1247,420,68,2,1418.6,2837.2
1248,420,22,4,563.17,2252.68
1249,420,129,2,81.7,163.4
1250,420,112,4,577.12,2308.48
1251,421,147,2,565.46,1130.92
1252,421,51,2,314.15,628.3
1253,421,144,1,617.33,617.33
1254,421,135,3,1750.68,5252.04
1255,422,83,4,1617.96,6471.84
1256,422,148,4,1362.24,5448.96
1257,422,23,3,746.66,2239.98
1258,422,29,3,1645.39,4936.17
1259,423,83,1,1617.96,1617.96
1260,423,89,3,764.16,2292.48
1261,424,90,2,1853.77,3707.54
1262,424,114,4,1967.87,7871.48
1263,425,60,2,1104.11,2208.22
1264,426,40,1,1364.16,1364.16
1265,426,22,2,563.17,1126.34
1266,426,29,2,1645.39,3290.78
1267,427,4,3,1185.08,3555.24
1268,427,88,4,1730.65,6922.6
1269,427,29,4,1645.39,6581.56
1270,428,85,2,39.37,78.74
1271,429,55,4,1970.79,7883.16
1272,429,53,2,11.14,22.28
1273,429,140,1,1343.12,1343.12
1274,429,134,4,214.56,858.24
1275,429,67,1,1181.0,1181.0
1276,430,44,2,1770.73,3541.46
1277,430,16,3,258.4,775.2
1278,430,73,1,950.62,950.62
1279,431,3,3,1475.58,4426.74
1280,431,18,1,1724.8,1724.8
1281,431,100,1,248.57,248.57
1282,431,70,3,667.55,2002.65
1283,432,60,3,1104.11,3312.33
1284,432,98,4,1704.17,6816.68
1285,432,131,1,93.24,93.24
1286,432,26,2,497.17,994.34
1287,433,129,1,81.7,81.7
1288,433,118,1,1780.53,1780.53
1289,434,136,3,317.56,952.68
1290,434,79,4,1724.73,6898.92
1291,435,41,3,775.69,2327.07
1292,435,5,3,196.45,589.35
1293,435,89,2,764.16,1528.32
1294,435,91,3,851.78,2555.34
1295,436,66,4,51.86,207.44
1296,437,143,3,407.15,1221.45
1297,438,39,4,228.2,912.8
1298,438,88,2,1730.65,3461.3
1299,439,98,2,1704.17,3408.34
1300,440,62,3,1858.54,5575.62
1301,440,147,3,565.46,1696.38
1302,440,40,4,1364.16,5456.64
1303,440,110,2,537.75,1075.5
1304,441,36,2,1173.33,2346.66
1305,441,149,2,1879.08,3758.16
1306,442,135,2,1750.68,3501.36
1307,442,35,2,1127.12,2254.24
1308,442,111,3,146.89,440.67
1309,443,143,1,407.15,407.15
1310,444,82,1,507.11,507.11
1311,444,38,3,992.1,2976.3
1312,445,106,2,1294.55,2589.1
1313,445,78,2,811.22,1622.44
1314,445,114,1,1967.87,1967.87
1315,445,71,2,564.17,1128.34
1316,446,7,2,1434.88,2869.76
1317,446,69,2,144.13,288.26
1318,447,7,1,1434.88,1434.88
1319,447,92,4,1439.63,5758.52
1320,448,129,3,81.7,245.1
1321,448,121,2,1272.13,2544.26
1322,449,126,2,889.25,1778.5
1323,449,122,2,982.18,1964.36
1324,449,36,1,1173.33,1173.33
1325,449,42,4,1062.94,4251.76
1326,450,70,4,667.55,2670.2
1327,451,52,1,1907.46,1907.46
1328,451,53,2,11.14,22.28
1329,452,126,4,889.25,3557.0
1330,452,84,4,110.67,442.68
1331,452,118,1,1780.53,1780.53
1332,452,64,4,1800.23,7200.92
1333,453,101,1,1162.05,1162.05
1334,453,147,1,565.46,565.46
1335,453,138,4,830.47,3321.88
1336,454,11,4,562.96,2251.84
1337,454,63,1,630.32,630.32
1338,454,133,4,722.04,2888.16
1339,454,138,1,830.47,830.47
1340,455,75,4,1321.38,5285.52
1341,455,113,3,1091.0,3273.0
1342,456,119,3,551.97,1655.91
1343,456,43,1,1885.44,1885.44
1344,456,109,2,155.79,311.58
1345,457,116,2,1864.19,3728.38
1346,457,24,2,541.29,1082.58
1347,457,129,4,81.7,326.8
1348,457,29,4,1645.39,6581.56
1349,458,116,4,1864.19,7456.76
1350,458,7,2,1434.88,2869.76
1351,458,46,4,875.18,3500.72
1352,459,65,3,503.33,1509.99
1353,460,32,1,1314.32,1314.32
1354,460,24,4,541.29,2165.16
1355,461,22,2,563.17,1126.34
1356,461,135,4,1750.68,7002.72
1357,461,99,4,145.24,580.96
1358,462,44,3,1770.73,5312.19
1359,463,39,4,228.2,912.8
1360,463,42,3,1062.94,3188.82
1361,463,38,3,992.1,2976.3
1362,463,46,4,875.18,3500.72
1363,463,14,3,694.47,2083.41
1364,464,31,2,1886.39,3772.78
1365,464,34,1,537.11,537.11
1366,465,65,1,503.33,503.33
1367,465,4,4,1185.08,4740.32
1368,465,118,2,1780.53,3561.06
1369,465,128,2,1767.38,3534.76
1370,465,140,4,1343.12,5372.48
1371,466,105,2,538.57,1077.14
1372,466,114,3,1967.87,5903.61
1373,466,21,2,1712.08,3424.16
1374,466,2,1,557.31,557.31
1375,467,38,3,992.1,2976.3
1376,467,15,1,96.47,96.47
1377,468,9,3,1620.77,4862.31
1378,468,148,3,1362.24,4086.72
1379,469,13,1,766.06,766.06
1380,470,46,2,875.18,1750.36
1381,470,42,4,1062.94,4251.76
1382,470,73,3,950.62,2851.86
1383,470,147,1,565.46,565.46
1384,471,77,3,1310.38,3931.14
1385,472,98,1,1704.17,1704.17
1386,472,18,3,1724.8,5174.4
1387,472,110,4,537.75,2151.0
1388,473,32,3,1314.32,3942.96
1389,473,71,4,564.17,2256.68
1390,474,54,1,48.76,48.76
1391,474,15,4,96.47,385.88
1392,474,28,3,1372.38,4117.14
1393,474,147,4,565.46,2261.84
1394,474,136,3,317.56,952.68
1395,475,135,2,1750.68,3501.36
1396,475,148,4,1362.24,5448.96
1397,475,91,4,851.78,3407.12
1398,476,47,1,1908.09,1908.09
1399,476,60,1,1104.11,1104.11
1400,476,75,1,1321.38,1321.38
1401,476,50,4,1281.51,5126.04
1402,477,54,4,48.76,195.04
1403,478,12,2,1529.35,3058.7
1404,478,86,1,1509.6,1509.6
1405,478,90,2,1853.77,3707.54
1406,478,144,3,617.33,1851.99
1407,479,18,3,1724.8,5174.4
1408,479,79,1,1724.73,1724.73
1409,479,77,1,1310.38,1310.38
1410,480,88,1,1730.65,1730.65
1411,480,102,2,173.15,346.3
1412,480,146,2,663.24,1326.48
1413,481,87,1,818.76,818.76
1414,481,123,2,1272.23,2544.46
1415,481,122,4,982.18,3928.72
1416,482,118,3,1780.53,5341.59
1417,482,138,4,830.47,3321.88
1418,483,15,3,96.47,289.41
1419,483,134,1,214.56,214.56
1420,483,77,2,1310.38,2620.76
1421,483,145,3,57.09,171.27
1422,484,17,1,1108.56,1108.56
1423,484,39,3,228.2,684.6
1424,484,72,4,1083.08,4332.32
1425,485,43,3,1885.44,5656.32
1426,485,147,3,565.46,1696.38
1427,485,100,1,248.57,248.57
1428,485,48,3,1526.3,4578.9
1429,485,30,4,542.8,2171.2
1430,486,128,2,1767.38,3534.76
1431,487,116,3,1864.19,5592.57
1432,487,78,2,811.22,1622.44
1433,487,56,1,125.27,125.27
1434,488,10,4,1613.58,6454.32
1435,488,52,1,1907.46,1907.46
1436,488,24,4,541.29,2165.16
1437,489,40,3,1364.16,4092.48
1438,489,49,3,221.76,665.28
1439,489,88,2,1730.65,3461.3
1440,489,124,1,17.06,17.06
1441,489,135,2,1750.68,3501.36
1442,490,10,4,1613.58,6454.32
1443,490,118,1,1780.53,1780.53
1444,491,80,1,388.52,388.52
1445,492,23,3,746.66,2239.98
1446,492,86,1,1509.6,1509.6
1447,492,120,3,1438.05,4314.15
1448,492,12,2,1529.35,3058.7
1449,492,27,3,547.2,1641.6
1450,493,50,3,1281.51,3844.53
1451,493,74,3,820.05,2460.15
1452,494,31,3,1886.39,5659.17
1453,494,70,1,667.55,667.55
1454,494,39,1,228.2,228.2
1455,494,41,1,775.69,775.69
1456,495,139,3,1849.73,5549.19
1457,495,90,3,1853.77,5561.31
1458,496,73,2,950.62,1901.24
1459,496,147,2,565.46,1130.92
1460,497,80,3,388.52,1165.56
1461,498,114,1,1967.87,1967.87
1462,498,13,1,766.06,766.06
1463,498,34,4,537.11,2148.44
1464,498,8,1,448.68,448.68
1465,498,121,1,1272.13,1272.13
1466,499,101,3,1162.05,3486.15
1467,499,46,3,875.18,2625.54
1468,499,115,2,1339.05,2678.1
1469,499,92,1,1439.63,1439.63
1470,500,146,1,663.24,663.24
1471,500,34,4,537.11,2148.44
1472,500,24,3,541.29,1623.87
1473,500,120,4,1438.05,5752.2
1474,501,60,3,1104.11,3312.33
1475,501,58,4,147.73,590.92
1476,501,37,2,730.37,1460.74
1477,501,67,3,1181.0,3543.0
1478,502,117,1,1757.47,1757.47
1479,502,125,4,1959.8,7839.2
1480,502,8,1,448.68,448.68
1481,503,123,3,1272.23,3816.69
1482,503,119,3,551.97,1655.91
1483,503,44,2,1770.73,3541.46
1484,504,27,1,547.2,547.2
1485,504,104,3,1342.75,4028.25
1486,504,28,4,1372.38,5489.52
1487,504,84,4,110.67,442.68
1488,504,143,4,407.15,1628.6
1489,505,63,2,630.32,1260.64
1490,505,141,4,326.8,1307.2
1491,506,17,4,1108.56,4434.24
1492,506,88,3,1730.65,5191.95
1493,506,54,2,48.76,97.52
1494,506,111,2,146.89,293.78
1495,507,147,4,565.46,2261.84
1496,508,119,3,551.97,1655.91
1497,509,25,1,1273.61,1273.61
1498,509,114,1,1967.87,1967.87
1499,509,46,4,875.18,3500.72
1500,509,79,3,1724.73,5174.19
1501,509,104,4,1342.75,5371.0
1502,510,24,2,541.29,1082.58
1503,511,149,2,1879.08,3758.16
1504,511,1,2,1282.46,2564.92
1505,512,137,4,333.38,1333.52
1506,512,75,2,1321.38,2642.76
1507,512,100,2,248.57,497.14
1508,512,148,3,1362.24,4086.72
1509,513,146,3,663.24,1989.72
1510,513,78,1,811.22,811.22
1511,513,112,1,577.12,577.12
1512,514,131,3,93.24,279.72
1513,514,104,1,1342.75,1342.75
1514,514,33,1,1829.95,1829.95
1515,514,76,3,828.09,2484.27
1516,514,16,1,258.4,258.4
1517,515,8,4,448.68,1794.72
1518,515,61,3,1746.14,5238.42
1519,515,111,4,146.89,587.56
1520,516,98,2,1704.17,3408.34
1521,516,112,4,577.12,2308.48
1522,516,140,2,1343.12,2686.24
1523,516,55,2,1970.79,3941.58
1524,517,99,2,145.24,290.48
1525,517,93,2,600.45,1200.9
1526,517,107,1,1858.75,1858.75
1527,517,40,1,1364.16,1364.16
1528,517,74,1,820.05,820.05
1529,518,125,2,1959.8,3919.6
1530,518,112,1,577.12,577.12
1531,519,107,4,1858.75,7435.0
1532,519,117,2,1757.47,3514.94
1533,520,131,4,93.24,372.96
1534,520,109,3,155.79,467.37
1535,520,142,2,1745.61,3491.22
1536,520,116,2,1864.19,3728.38
1537,521,2,3,557.31,1671.93
1538,521,148,4,1362.24,5448.96
1539,521,128,3,1767.38,5302.14
1540,521,61,1,1746.14,1746.14
1541,522,146,4,663.24,2652.96
1542,523,29,1,1645.39,1645.39
1543,523,149,2,1879.08,3758.16
1544,523,124,3,17.06,51.18
1545,524,133,2,722.04,1444.08
1546,524,21,4,1712.08,6848.32
1547,524,134,1,214.56,214.56
1548,524,23,3,746.66,2239.98
1549,525,14,4,694.47,2777.88
1550,525,88,4,1730.65,6922.6
1551,525,137,3,333.38,1000.14
1552,525,3,4,1475.58,5902.32
1553,525,121,3,1272.13,3816.39
1554,526,75,3,1321.38,3964.14
1555,526,43,3,1885.44,5656.32
1556,526,10,1,1613.58,1613.58
1557,527,149,3,1879.08,5637.24
1558,527,44,1,1770.73,1770.73
1559,527,147,3,565.46,1696.38
1560,527,14,4,694.47,2777.88
1561,528,33,1,1829.95,1829.95
1562,529,65,3,503.33,1509.99
1563,529,34,3,537.11,1611.33
1564,529,72,1,1083.08,1083.08
1565,530,45,2,1285.51,2571.02
1566,531,95,4,634.07,2536.28
1567,531,45,2,1285.51,2571.02
1568,531,67,1,1181.0,1181.0
1569,531,61,3,1746.14,5238.42
1570,532,38,2,992.1,1984.2
1571,533,106,2,1294.55,2589.1
1572,533,99,2,145.24,290.48
1573,533,61,3,1746.14,5238.42
1574,533,113,1,1091.0,1091.0
1575,534,30,4,542.8,2171.2
1576,534,14,4,694.47,2777.88
1577,534,43,4,1885.44,7541.76
1578,535,122,4,982.18,3928.72
1579,535,137,4,333.38,1333.52
1580,535,60,4,1104.11,4416.44
1581,536,38,1,992.1,992.1
1582,536,136,3,317.56,952.68
1583,536,112,4,577.12,2308.48
1584,537,81,3,849.54,2548.62
1585,537,136,4,317.56,1270.24
1586,537,11,3,562.96,1688.88
1587,537,25,3,1273.61,3820.83
1588,538,69,4,144.13,576.52
1589,538,26,4,497.17,1988.68
1590,538,66,2,51.86,103.72
1591,539,50,1,1281.51,1281.51
1592,539,134,1,214.56,214.56
1593,539,87,1,818.76,818.76
1594,539,47,1,1908.09,1908.09
1595,539,81,4,849.54,3398.16
1596,540,135,1,1750.68,1750.68
1597,541,90,2,1853.77,3707.54
1598,541,57,1,166.73,166.73
1599,541,73,1,950.62,950.62
1600,541,65,1,503.33,503.33
1601,542,56,1,125.27,125.27
1602,543,23,2,746.66,1493.32
1603,544,145,3,57.09,171.27
1604,544,48,4,1526.3,6105.2
1605,544,29,1,1645.39,1645.39
1606,544,65,4,503.33,2013.32
1607,545,110,2,537.75,1075.5
1608,545,83,1,1617.96,1617.96
1609,545,66,3,51.86,155.58
1610,546,98,4,1704.17,6816.68
1611,547,16,2,258.4,516.8
1612,547,67,4,1181.0,4724.0
1613,547,68,1,1418.6,1418.6
1614,548,52,1,1907.46,1907.46
1615,548,101,2,1162.05,2324.1
1616,548,46,4,875.18,3500.72
1617,548,126,2,889.25,1778.5
1618,549,28,1,1372.38,1372.38
1619,549,114,1,1967.87,1967.87
1620,549,67,3,1181.0,3543.0
1621,549,27,4,547.2,2188.8
1622,549,9,1,1620.77,1620.77
1623,550,39,3,228.2,684.6
1624,550,1,2,1282.46,2564.92
1625,550,10,3,1613.58,4840.74
1626,550,100,4,248.57,994.28
1627,551,1,4,1282.46,5129.84
1628,551,132,1,1866.85,1866.85
1629,551,126,2,889.25,1778.5
1630,551,123,1,1272.23,1272.23
1631,551,112,4,577.12,2308.48
1632,552,32,3,1314.32,3942.96
1633,552,146,3,663.24,1989.72
1634,552,138,4,830.47,3321.88
1635,552,92,1,1439.63,1439.63
1636,553,94,3,1474.12,4422.36
1637,554,118,3,1780.53,5341.59
1638,555,46,1,875.18,875.18
1639,555,142,4,1745.61,6982.44
1640,556,77,1,1310.38,1310.38
1641,556,100,3,248.57,745.71
1642,557,22,1,563.17,563.17
1643,557,113,2,1091.0,2182.0
1644,557,49,1,221.76,221.76
1645,557,36,2,1173.33,2346.66
1646,558,100,4,248.57,994.28
1647,558,17,4,1108.56,4434.24
1648,558,139,1,1849.73,1849.73
1649,558,79,1,1724.73,1724.73
1650,559,15,4,96.47,385.88
1651,559,87,1,818.76,818.76
1652,559,11,2,562.96,1125.92
1653,560,118,1,1780.53,1780.53
1654,560,138,1,830.47,830.47
1655,560,39,2,228.2,456.4
1656,560,149,4,1879.08,7516.32
1657,560,60,1,1104.11,1104.11
1658,561,12,2,1529.35,3058.7
1659,561,63,1,630.32,630.32
1660,561,34,3,537.11,1611.33
1661,561,4,1,1185.08,1185.08
1662,562,44,4,1770.73,7082.92
1663,562,17,2,1108.56,2217.12
1664,562,28,1,1372.38,1372.38
1665,562,30,2,542.8,1085.6
1666,563,87,2,818.76,1637.52
1667,563,103,3,1050.34,3151.02
1668,563,84,2,110.67,221.34
1669,563,31,1,1886.39,1886.39
1670,564,45,2,1285.51,2571.02
1671,564,86,4,1509.6,6038.4
1672,564,17,2,1108.56,2217.12
1673,564,31,3,1886.39,5659.17
1674,564,71,2,564.17,1128.34
1675,565,63,1,630.32,630.32
1676,565,149,4,1879.08,7516.32
1677,565,11,2,562.96,1125.92
1678,565,35,1,1127.12,1127.12
1679,566,21,3,1712.08,5136.24
1680,566,2,4,557.31,2229.24
1681,566,46,4,875.18,3500.72
1682,566,23,2,746.66,1493.32
1683,567,37,4,730.37,2921.48
1684,567,70,4,667.55,2670.2
1685,568,45,2,1285.51,2571.02
1686,568,10,4,1613.58,6454.32
1687,569,23,2,746.66,1493.32
1688,569,78,2,811.22,1622.44
1689,569,90,1,1853.77,1853.77
1690,569,108,1,921.99,921.99
1691,569,2,3,557.31,1671.93
1692,570,130,1,1109.52,1109.52
1693,570,57,2,166.73,333.46
1694,570,119,1,551.97,551.97
1695,570,54,2,48.76,97.52
1696,570,71,4,564.17,2256.68
1697,571,46,3,875.18,2625.54
1698,571,41,3,775.69,2327.07
1699,571,12,2,1529.35,3058.7
1700,571,14,4,694.47,2777.88
1701,572,86,1,1509.6,1509.6
1702,572,117,1,1757.47,1757.47
1703,572,12,2,1529.35,3058.7
1704,573,8,1,448.68,448.68
1705,573,125,1,1959.8,1959.8
1706,574,114,3,1967.87,5903.61
1707,574,149,4,1879.08,7516.32
1708,575,84,1,110.67,110.67
1709,575,59,3,260.26,780.78
1710,576,26,4,497.17,1988.68
1711,576,61,2,1746.14,3492.28
1712,577,57,4,166.73,666.92
1713,577,19,1,1412.1,1412.1
1714,577,121,4,1272.13,5088.52
1715,577,150,2,1941.1,3882.2
1716,578,117,4,1757.47,7029.88
1717,578,46,3,875.18,2625.54
1718,579,118,3,1780.53,5341.59
1719,579,50,3,1281.51,3844.53
1720,580,86,1,1509.6,1509.6
1721,580,33,1,1829.95,1829.95
1722,581,35,4,1127.12,4508.48
1723,581,29,4,1645.39,6581.56
1724,581,120,2,1438.05,2876.1
1725,582,57,2,166.73,333.46
1726,582,76,2,828.09,1656.18
1727,582,41,1,775.69,775.69
1728,583,134,4,214.56,858.24
1729,583,126,3,889.25,2667.75
1730,583,56,1,125.27,125.27
1731,583,122,4,982.18,3928.72
1732,584,64,4,1800.23,7200.92
1733,584,84,2,110.67,221.34
1734,585,39,1,228.2,228.2
1735,585,147,4,565.46,2261.84
1736,585,2,1,557.31,557.31
1737,585,107,4,1858.75,7435.0
1738,585,12,4,1529.35,6117.4
1739,586,26,1,497.17,497.17
1740,586,116,1,1864.19,1864.19
1741,586,127,4,29.24,116.96
1742,586,62,2,1858.54,3717.08
1743,587,92,2,1439.63,2879.26
1744,587,76,1,828.09,828.09
1745,588,123,3,1272.23,3816.69
1746,589,118,1,1780.53,1780.53
1747,589,147,4,565.46,2261.84
1748,590,36,4,1173.33,4693.32
1749,590,104,1,1342.75,1342.75
1750,590,48,1,1526.3,1526.3
1751,590,95,4,634.07,2536.28
1752,591,136,4,317.56,1270.24
1753,591,9,3,1620.77,4862.31
1754,591,76,2,828.09,1656.18
1755,592,86,1,1509.6,1509.6
1756,593,94,1,1474.12,1474.12
1757,593,14,3,694.47,2083.41
1758,593,29,3,1645.39,4936.17
1759,593,99,2,145.24,290.48
1760,593,120,1,1438.05,1438.05
1761,594,53,1,11.14,11.14
1762,594,36,4,1173.33,4693.32
1763,594,86,2,1509.6,3019.2
1764,594,62,2,1858.54,3717.08
1765,594,139,3,1849.73,5549.19
1766,595,69,3,144.13,432.39
1767,595,129,1,81.7,81.7
1768,595,109,1,155.79,155.79
1769,596,89,1,764.16,764.16
1770,596,116,4,1864.19,7456.76
1771,596,125,3,1959.8,5879.4
1772,597,95,1,634.07,634.07
1773,597,17,1,1108.56,1108.56
1774,597,49,4,221.76,887.04
1775,597,118,2,1780.53,3561.06
1776,598,20,3,463.52,1390.56
1777,598,28,1,1372.38,1372.38
1778,598,43,2,1885.44,3770.88
1779,599,39,3,228.2,684.6
1780,599,53,4,11.14,44.56
1781,599,134,2,214.56,429.12
1782,599,6,4,1208.02,4832.08
1783,600,108,3,921.99,2765.97
1784,600,114,2,1967.87,3935.74
1785,600,6,1,1208.02,1208.02
1786,601,60,3,1104.11,3312.33
1787,602,149,4,1879.08,7516.32
1788,602,88,4,1730.65,6922.6
1789,602,84,3,110.67,332.01
1790,602,125,2,1959.8,3919.6
1791,603,44,4,1770.73,7082.92
1792,603,67,3,1181.0,3543.0
1793,603,59,3,260.26,780.78
1794,604,38,3,992.1,2976.3
1795,605,117,3,1757.47,5272.41
1796,605,43,2,1885.44,3770.88
1797,605,42,2,1062.94,2125.88
1798,606,42,1,1062.94,1062.94
1799,606,61,1,1746.14,1746.14
1800,607,148,3,1362.24,4086.72
1801,607,33,3,1829.95,5489.85
1802,607,113,2,1091.0,2182.0
1803,608,144,3,617.33,1851.99
1804,608,9,3,1620.77,4862.31
1805,609,96,2,958.81,1917.62
1806,609,115,3,1339.05,4017.15
1807,610,7,4,1434.88,5739.52
1808,611,38,1,992.1,992.1
1809,611,118,3,1780.53,5341.59
1810,611,82,3,507.11,1521.33
1811,611,40,4,1364.16,5456.64
1812,612,147,4,565.46,2261.84
1813,612,38,3,992.1,2976.3
1814,612,145,1,57.09,57.09
1815,613,11,3,562.96,1688.88
1816,613,36,1,1173.33,1173.33
1817,613,142,4,1745.61,6982.44
1818,613,30,2,542.8,1085.6
1819,614,92,2,1439.63,2879.26
1820,614,24,2,541.29,1082.58
1821,614,84,3,110.67,332.01
1822,614,15,2,96.47,192.94
1823,615,22,4,563.17,2252.68
1824,616,132,4,1866.85,7467.4
1825,617,126,1,889.25,889.25
1826,617,82,3,507.11,1521.33
1827,618,38,3,992.1,2976.3
1828,618,110,1,537.75,537.75
1829,618,95,3,634.07,1902.21
1830,618,99,3,145.24,435.72
1831,619,79,1,1724.73,1724.73
1832,619,115,2,1339.05,2678.1
1833,619,144,4,617.33,2469.32
1834,620,114,4,1967.87,7871.48
1835,620,74,2,820.05,1640.1
1836,620,42,1,1062.94,1062.94
1837,620,109,2,155.79,311.58
1838,621,78,3,811.22,2433.66
1839,621,122,1,982.18,982.18
1840,622,97,4,123.19,492.76
1841,622,23,2,746.66,1493.32
1842,622,2,4,557.31,2229.24
1843,622,105,2,538.57,1077.14
1844,622,70,2,667.55,1335.1
1845,623,98,4,1704.17,6816.68
1846,623,75,1,1321.38,1321.38
1847,624,150,4,1941.1,7764.4
1848,624,78,2,811.22,1622.44
1849,624,127,1,29.24,29.24
1850,625,40,3,1364.16,4092.48
1851,626,121,4,1272.13,5088.52
1852,626,32,2,1314.32,2628.64
1853,626,74,4,820.05,3280.2
1854,627,8,3,448.68,1346.04
1855,627,31,4,1886.39,7545.56
1856,628,93,4,600.45,2401.8
1857,629,112,1,577.12,577.12
1858,629,67,3,1181.0,3543.0
1859,629,122,2,982.18,1964.36
1860,629,31,1,1886.39,1886.39
1861,629,96,2,958.81,1917.62
1862,630,119,2,551.97,1103.94
1863,630,35,1,1127.12,1127.12
1864,630,92,3,1439.63,4318.89
1865,631,108,3,921.99,2765.97
1866,631,92,3,1439.63,4318.89
1867,631,13,1,766.06,766.06
1868,632,50,3,1281.51,3844.53
1869,632,47,3,1908.09,5724.27
1870,632,25,3,1273.61,3820.83
1871,632,43,3,1885.44,5656.32
1872,632,140,3,1343.12,4029.36
1873,633,137,3,333.38,1000.14
1874,634,4,3,1185.08,3555.24
1875,634,36,3,1173.33,3519.99
1876,635,106,2,1294.55,2589.1
1877,635,88,2,1730.65,3461.3
1878,635,42,2,1062.94,2125.88
1879,635,27,2,547.2,1094.4
1880,636,135,4,1750.68,7002.72
1881,636,137,1,333.38,333.38
1882,636,142,1,1745.61,1745.61
1883,636,30,2,542.8,1085.6
1884,636,107,1,1858.75,1858.75
1885,637,90,4,1853.77,7415.08
1886,637,80,3,388.52,1165.56
1887,637,93,2,600.45,1200.9
1888,637,36,3,1173.33,3519.99
1889,638,31,2,1886.39,3772.78
1890,639,37,3,730.37,2191.11
1891,639,59,2,260.26,520.52
1892,640,34,4,537.11,2148.44
1893,640,21,1,1712.08,1712.08
1894,641,5,4,196.45,785.8
1895,642,11,1,562.96,562.96
1896,642,51,4,314.15,1256.6
1897,642,28,1,1372.38,1372.38
1898,642,9,3,1620.77,4862.31
1899,643,17,3,1108.56,3325.68
1900,644,25,1,1273.61,1273.61
1901,645,53,1,11.14,11.14
1902,645,52,2,1907.46,3814.92
1903,645,48,3,1526.3,4578.9
1904,645,90,3,1853.77,5561.31
1905,645,8,3,448.68,1346.04
1906,646,129,1,81.7,81.7
1907,646,62,1,1858.54,1858.54
1908,647,4,2,1185.08,2370.16
1909,647,136,1,317.56,317.56
1910,647,56,1,125.27,125.27
1911,647,50,2,1281.51,2563.02
1912,647,73,4,950.62,3802.48
1913,648,48,2,1526.3,3052.6
1914,648,113,3,1091.0,3273.0
1915,648,28,4,1372.38,5489.52
1916,649,55,1,1970.79,1970.79
1917,649,132,3,1866.85,5600.55
1918,649,59,1,260.26,260.26
1919,649,105,4,538.57,2154.28
1920,650,134,2,214.56,429.12
1921,651,93,1,600.45,600.45
1922,651,74,3,820.05,2460.15
1923,651,143,4,407.15,1628.6
1924,651,11,1,562.96,562.96
1925,652,73,2,950.62,1901.24
1926,652,117,4,1757.47,7029.88
1927,652,80,3,388.52,1165.56
1928,652,114,4,1967.87,7871.48
1929,653,18,3,1724.8,5174.4
1930,653,122,2,982.18,1964.36
1931,654,126,1,889.25,889.25
1932,655,113,2,1091.0,2182.0
1933,655,134,4,214.56,858.24
1934,655,22,4,563.17,2252.68
1935,655,31,1,1886.39,1886.39
1936,656,17,2,1108.56,2217.12
1937,656,94,3,1474.12,4422.36
1938,657,104,2,1342.75,2685.5
1939,657,32,4,1314.32,5257.28
1940,658,72,3,1083.08,3249.24
1941,658,149,4,1879.08,7516.32
1942,658,70,4,667.55,2670.2
1943,658,103,4,1050.34,4201.36
1944,659,72,3,1083.08,3249.24
1945,659,38,4,992.1,3968.4
1946,659,117,4,1757.47,7029.88
1947,659,28,2,1372.38,2744.76
1948,659,32,2,1314.32,2628.64
1949,660,26,1,497.17,497.17
1950,661,128,1,1767.38,1767.38
1951,662,98,2,1704.17,3408.34
1952,662,84,3,110.67,332.01
1953,663,25,2,1273.61,2547.22
1954,663,20,3,463.52,1390.56
1955,663,134,4,214.56,858.24
1956,663,127,4,29.24,116.96
1957,663,120,3,1438.05,4314.15
1958,664,88,4,1730.65,6922.6
1959,664,139,1,1849.73,1849.73
1960,664,140,4,1343.12,5372.48
1961,664,5,4,196.45,785.8
1962,664,9,3,1620.77,4862.31
1963,665,114,2,1967.87,3935.74
1964,665,118,3,1780.53,5341.59
1965,665,10,2,1613.58,3227.16
1966,665,9,4,1620.77,6483.08
1967,666,35,1,1127.12,1127.12
1968,666,80,4,388.52,1554.08
1969,666,100,4,248.57,994.28
1970,666,125,4,1959.8,7839.2
1971,667,41,4,775.69,3102.76
1972,667,130,4,1109.52,4438.08
1973,667,15,3,96.47,289.41
1974,667,101,3,1162.05,3486.15
1975,667,68,3,1418.6,4255.8
1976,668,8,1,448.68,448.68
1977,669,94,1,1474.12,1474.12
1978,669,90,3,1853.77,5561.31
1979,670,25,4,1273.61,5094.44
1980,670,110,3,537.75,1613.25
1981,670,89,1,764.16,764.16
1982,670,92,2,1439.63,2879.26
1983,671,61,1,1746.14,1746.14
1984,671,80,1,388.52,388.52
1985,672,30,1,542.8,542.8
1986,672,87,3,818.76,2456.28
1987,672,44,1,1770.73,1770.73
1988,673,109,3,155.79,467.37
1989,673,146,1,663.24,663.24
1990,673,132,4,1866.85,7467.4
1991,673,108,1,921.99,921.99
1992,674,97,3,123.19,369.57
1993,674,147,1,565.46,565.46
1994,674,100,4,248.57,994.28
1995,675,53,3,11.14,33.42
1996,676,129,3,81.7,245.1
1997,676,87,4,818.76,3275.04
1998,676,43,2,1885.44,3770.88
1999,676,77,4,1310.38,5241.52
2000,677,138,2,830.47,1660.94
2001,678,68,4,1418.6,5674.4
2002,678,13,2,766.06,1532.12
2003,678,77,1,1310.38,1310.38
2004,679,25,4,1273.61,5094.44
2005,679,87,4,818.76,3275.04
2006,679,70,2,667.55,1335.1
2007,679,18,3,1724.8,5174.4
2008,679,146,1,663.24,663.24
2009,680,130,3,1109.52,3328.56
2010,680,77,2,1310.38,2620.76
2011,680,111,4,146.89,587.56
2012,681,65,2,503.33,1006.66
2013,681,132,1,1866.85,1866.85
2014,681,117,2,1757.47,3514.94
2015,681,141,4,326.8,1307.2
2016,682,120,4,1438.05,5752.2
2017,682,69,1,144.13,144.13
2018,683,52,2,1907.46,3814.92
2019,683,94,3,1474.12,4422.36
2020,683,119,4,551.97,2207.88
2021,683,38,4,992.1,3968.4
2022,683,62,3,1858.54,5575.62
2023,684,53,4,11.14,44.56
2024,685,74,2,820.05,1640.1
2025,685,42,4,1062.94,4251.76
2026,685,66,2,51.86,103.72
2027,686,39,2,228.2,456.4
2028,687,63,3,630.32,1890.96
2029,688,125,1,1959.8,1959.8
2030,688,144,2,617.33,1234.66
2031,688,112,2,577.12,1154.24
2032,688,109,3,155.79,467.37
2033,689,8,3,448.68,1346.04
2034,689,67,2,1181.0,2362.0
2035,690,125,1,1959.8,1959.8
2036,691,22,3,563.17,1689.51
2037,692,77,4,1310.38,5241.52
2038,692,17,2,1108.56,2217.12
2039,692,105,2,538.57,1077.14
2040,692,94,1,1474.12,1474.12
2041,692,24,1,541.29,541.29
2042,693,149,2,1879.08,3758.16
2043,693,135,1,1750.68,1750.68
2044,693,65,3,503.33,1509.99
2045,693,128,3,1767.38,5302.14
2046,693,24,4,541.29,2165.16
2047,694,109,2,155.79,311.58
2048,694,56,1,125.27,125.27
2049,695,55,4,1970.79,7883.16
2050,695,71,4,564.17,2256.68
2051,696,15,3,96.47,289.41
2052,696,126,1,889.25,889.25
2053,696,137,3,333.38,1000.14
2054,697,109,3,155.79,467.37
2055,697,122,4,982.18,3928.72
2056,697,64,3,1800.23,5400.69
2057,697,72,3,1083.08,3249.24
2058,697,38,1,992.1,992.1
2059,698,9,4,1620.77,6483.08
2060,698,14,3,694.47,2083.41
2061,698,62,3,1858.54,5575.62
2062,698,65,1,503.33,503.33
2063,698,142,2,1745.61,3491.22
2064,699,100,3,248.57,745.71
2065,699,3,1,1475.58,1475.58
2066,699,101,2,1162.05,2324.1
2067,699,66,3,51.86,155.58
2068,700,42,3,1062.94,3188.82
2069,700,113,4,1091.0,4364.0
2070,701,71,1,564.17,564.17
2071,702,121,1,1272.13,1272.13
2072,702,106,2,1294.55,2589.1
2073,702,86,3,1509.6,4528.8
2074,702,109,1,155.79,155.79
2075,703,108,4,921.99,3687.96
2076,703,141,1,326.8,326.8
2077,703,84,1,110.67,110.67
2078,704,114,1,1967.87,1967.87
2079,704,35,4,1127.12,4508.48
2080,705,79,1,1724.73,1724.73
2081,705,81,1,849.54,849.54
2082,706,64,2,1800.23,3600.46
2083,706,133,4,722.04,2888.16
2084,707,116,3,1864.19,5592.57
2085,707,123,2,1272.23,2544.46
2086,707,35,3,1127.12,3381.36
2087,708,51,3,314.15,942.45
2088,708,22,2,563.17,1126.34
2089,708,107,4,1858.75,7435.0
2090,709,147,2,565.46,1130.92
2091,709,58,1,147.73,147.73
2092,709,6,4,1208.02,4832.08
2093,709,143,2,407.15,814.3
2094,710,44,4,1770.73,7082.92
2095,710,13,3,766.06,2298.18
2096,710,103,2,1050.34,2100.68
2097,711,95,2,634.07,1268.14
2098,712,31,4,1886.39,7545.56
2099,712,4,1,1185.08,1185.08
2100,712,135,2,1750.68,3501.36
2101,712,112,2,577.12,1154.24
2102,712,117,2,1757.47,3514.94
2103,713,74,2,820.05,1640.1
2104,713,127,4,29.24,116.96
2105,713,98,2,1704.17,3408.34
2106,714,56,4,125.27,501.08
2107,714,73,2,950.62,1901.24
2108,714,49,1,221.76,221.76
2109,714,108,3,921.99,2765.97
2110,714,47,3,1908.09,5724.27
2111,715,116,3,1864.19,5592.57
2112,715,64,4,1800.23,7200.92
2113,716,3,4,1475.58,5902.32
2114,717,83,2,1617.96,3235.92
2115,717,102,4,173.15,692.6
2116,718,66,1,51.86,51.86
2117,718,19,1,1412.1,1412.1
2118,718,25,3,1273.61,3820.83
2119,718,143,2,407.15,814.3
2120,719,91,4,851.78,3407.12
2121,719,12,3,1529.35,4588.05
2122,719,2,4,557.31,2229.24
2123,719,65,3,503.33,1509.99
2124,720,144,2,617.33,1234.66
2125,720,11,3,562.96,1688.88
2126,721,129,3,81.7,245.1
2127,721,127,4,29.24,116.96
2128,722,23,4,746.66,2986.64
2129,722,82,2,507.11,1014.22
2130,723,30,2,542.8,1085.6
2131,723,81,4,849.54,3398.16
2132,723,12,3,1529.35,4588.05
2133,724,111,3,146.89,440.67
2134,724,73,3,950.62,2851.86
2135,724,68,4,1418.6,5674.4
2136,725,81,2,849.54,1699.08
2137,725,126,4,889.25,3557.0
2138,726,49,2,221.76,443.52
2139,727,59,2,260.26,520.52
2140,728,121,3,1272.13,3816.39
2141,729,120,1,1438.05,1438.05
2142,729,112,4,577.12,2308.48
2143,730,114,3,1967.87,5903.61
2144,731,125,1,1959.8,1959.8
2145,731,118,3,1780.53,5341.59
2146,731,127,1,29.24,29.24
2147,731,29,2,1645.39,3290.78
2148,731,38,3,992.1,2976.3
2149,732,44,3,1770.73,5312.19
2150,732,131,2,93.24,186.48
2151,733,2,1,557.31,557.31
2152,733,135,2,1750.68,3501.36
2153,733,147,4,565.46,2261.84
2154,733,47,1,1908.09,1908.09
2155,733,107,3,1858.75,5576.25
2156,734,73,1,950.62,950.62
2157,735,96,1,958.81,958.81
2158,735,28,1,1372.38,1372.38
2159,735,83,4,1617.96,6471.84
2160,735,40,4,1364.16,5456.64
2161,736,69,4,144.13,576.52
2162,736,2,3,557.31,1671.93
2163,736,85,2,39.37,78.74
2164,736,12,2,1529.35,3058.7
2165,737,73,3,950.62,2851.86
2166,738,19,4,1412.1,5648.4
2167,739,103,3,1050.34,3151.02
2168,740,62,1,1858.54,1858.54
2169,740,103,1,1050.34,1050.34
2170,741,42,4,1062.94,4251.76
2171,741,100,3,248.57,745.71
2172,742,31,4,1886.39,7545.56
2173,742,77,4,1310.38,5241.52
2174,743,34,3,537.11,1611.33
2175,743,92,2,1439.63,2879.26
2176,743,25,4,1273.61,5094.44
2177,744,100,4,248.57,994.28
2178,744,122,1,982.18,982.18
2179,744,69,4,144.13,576.52
2180,744,145,3,57.09,171.27
2181,745,48,3,1526.3,4578.9
2182,745,112,4,577.12,2308.48
2183,745,110,2,537.75,1075.5
2184,745,24,2,541.29,1082.58
2185,745,11,4,562.96,2251.84
2186,746,135,1,1750.68,1750.68
2187,746,22,4,563.17,2252.68
2188,746,75,3,1321.38,3964.14
2189,746,120,2,1438.05,2876.1
2190,746,112,2,577.12,1154.24
2191,747,64,3,1800.23,5400.69
2192,747,134,1,214.56,214.56
2193,747,110,1,537.75,537.75
2194,748,132,1,1866.85,1866.85
2195,749,109,3,155.79,467.37
2196,749,106,3,1294.55,3883.65
2197,749,25,3,1273.61,3820.83
2198,749,119,1,551.97,551.97
2199,749,146,1,663.24,663.24
2200,750,119,2,551.97,1103.94
2201,751,101,1,1162.05,1162.05
2202,751,12,4,1529.35,6117.4
2203,752,81,3,849.54,2548.62
2204,752,117,3,1757.47,5272.41
2205,752,116,2,1864.19,3728.38
2206,753,48,3,1526.3,4578.9
2207,753,21,1,1712.08,1712.08
2208,754,137,1,333.38,333.38
2209,754,5,1,196.45,196.45
2210,754,2,2,557.31,1114.62
2211,754,102,4,173.15,692.6
2212,755,104,4,1342.75,5371.0
2213,755,125,3,1959.8,5879.4
2214,755,78,1,811.22,811.22
2215,755,93,2,600.45,1200.9
2216,756,4,1,1185.08,1185.08
2217,756,49,1,221.76,221.76
2218,757,7,4,1434.88,5739.52
2219,757,54,2,48.76,97.52
2220,758,112,2,577.12,1154.24
2221,758,138,1,830.47,830.47
2222,759,119,4,551.97,2207.88
2223,759,38,1,992.1,992.1
2224,759,122,1,982.18,982.18
2225,760,40,4,1364.16,5456.64
2226,760,114,4,1967.87,7871.48
2227,761,116,2,1864.19,3728.38
2228,762,76,4,828.09,3312.36
2229,762,146,1,663.24,663.24
2230,763,3,4,1475.58,5902.32
2231,763,27,4,547.2,2188.8
2232,763,111,3,146.89,440.67
2233,764,125,4,1959.8,7839.2
2234,765,132,1,1866.85,1866.85
2235,765,125,4,1959.8,7839.2
2236,765,60,3,1104.11,3312.33
2237,765,16,1,258.4,258.4
2238,766,107,4,1858.75,7435.0
2239,766,122,3,982.18,2946.54
2240,766,30,4,542.8,2171.2
2241,767,6,4,1208.02,4832.08
2242,767,42,3,1062.94,3188.82
2243,767,74,4,820.05,3280.2
2244,767,50,2,1281.51,2563.02
2245,768,57,4,166.73,666.92
2246,768,87,4,818.76,3275.04
2247,768,120,3,1438.05,4314.15
2248,768,34,4,537.11,2148.44
2249,768,76,2,828.09,1656.18
2250,769,54,2,48.76,97.52
2251,769,73,2,950.62,1901.24
2252,769,23,2,746.66,1493.32
2253,769,124,4,17.06,68.24
2254,769,34,1,537.11,537.11
2255,770,127,1,29.24,29.24
2256,770,78,1,811.22,811.22
2257,770,61,3,1746.14,5238.42
2258,770,54,3,48.76,146.28
2259,771,41,1,775.69,775.69
2260,771,45,1,1285.51,1285.51
2261,771,129,3,81.7,245.1
2262,772,30,2,542.8,1085.6
2263,772,59,4,260.26,1041.04
2264,772,31,3,1886.39,5659.17
2265,772,144,3,617.33,1851.99
2266,773,12,2,1529.35,3058.7
2267,773,143,1,407.15,407.15
2268,773,69,1,144.13,144.13
2269,774,118,1,1780.53,1780.53
2270,774,29,1,1645.39,1645.39
2271,774,28,2,1372.38,2744.76
2272,774,27,1,547.2,547.2
2273,775,93,3,600.45,1801.35
2274,775,41,4,775.69,3102.76
2275,776,128,2,1767.38,3534.76
2276,776,26,1,497.17,497.17
2277,776,40,2,1364.16,2728.32
2278,776,94,4,1474.12,5896.48
2279,776,86,4,1509.6,6038.4
2280,777,63,4,630.32,2521.28
2281,778,74,1,820.05,820.05
2282,778,130,3,1109.52,3328.56
2283,778,44,3,1770.73,5312.19
2284,779,93,4,600.45,2401.8
2285,779,63,2,630.32,1260.64
2286,779,39,2,228.2,456.4
2287,779,136,4,317.56,1270.24
2288,780,105,1,538.57,538.57
2289,780,118,4,1780.53,7122.12
2290,780,133,2,722.04,1444.08
2291,780,93,1,600.45,600.45
2292,781,18,2,1724.8,3449.6
2293,781,22,4,563.17,2252.68
2294,781,87,1,818.76,818.76
2295,781,81,4,849.54,3398.16
2296,781,103,1,1050.34,1050.34
2297,782,148,3,1362.24,4086.72
2298,782,15,4,96.47,385.88
2299,783,142,1,1745.61,1745.61
2300,783,78,3,811.22,2433.66
2301,783,81,2,849.54,1699.08
2302,783,89,4,764.16,3056.64
2303,784,53,4,11.14,44.56
2304,784,140,2,1343.12,2686.24
2305,784,114,3,1967.87,5903.61
2306,784,89,1,764.16,764.16
2307,785,138,3,830.47,2491.41
2308,786,33,2,1829.95,3659.9
2309,786,134,1,214.56,214.56
2310,786,139,3,1849.73,5549.19
2311,786,73,3,950.62,2851.86
2312,787,6,3,1208.02,3624.06
2313,787,8,2,448.68,897.36
2314,788,109,1,155.79,155.79
2315,788,130,3,1109.52,3328.56
2316,788,29,3,1645.39,4936.17
2317,789,91,1,851.78,851.78
2318,789,32,4,1314.32,5257.28
2319,789,13,3,766.06,2298.18
2320,789,115,2,1339.05,2678.1
2321,789,77,2,1310.38,2620.76
2322,790,77,2,1310.38,2620.76
2323,790,73,4,950.62,3802.48
2324,790,147,2,565.46,1130.92
2325,791,84,2,110.67,221.34
2326,792,117,4,1757.47,7029.88
2327,792,26,4,497.17,1988.68
2328,792,38,1,992.1,992.1
2329,793,16,4,258.4,1033.6
2330,794,122,4,982.18,3928.72
2331,794,55,1,1970.79,1970.79
2332,795,135,4,1750.68,7002.72
2333,795,104,3,1342.75,4028.25
2334,795,144,4,617.33,2469.32
2335,796,113,2,1091.0,2182.0
2336,796,126,2,889.25,1778.5
2337,796,107,4,1858.75,7435.0
2338,796,42,4,1062.94,4251.76
2339,797,132,1,1866.85,1866.85
2340,797,136,2,317.56,635.12
2341,798,122,3,982.18,2946.54
2342,798,9,1,1620.77,1620.77
2343,798,41,4,775.69,3102.76
2344,798,144,1,617.33,617.33
2345,799,95,3,634.07,1902.21
2346,800,134,2,214.56,429.12
2347,801,96,3,958.81,2876.43
2348,802,78,1,811.22,811.22
2349,802,76,2,828.09,1656.18
2350,802,125,2,1959.8,3919.6
2351,803,108,2,921.99,1843.98
2352,803,13,4,766.06,3064.24
2353,803,79,1,1724.73,1724.73
2354,803,73,1,950.62,950.62
2355,803,56,3,125.27,375.81
2356,804,12,4,1529.35,6117.4
2357,805,147,3,565.46,1696.38
2358,805,80,4,388.52,1554.08
2359,805,145,4,57.09,228.36
2360,805,116,2,1864.19,3728.38
2361,806,130,4,1109.52,4438.08
2362,806,118,4,1780.53,7122.12
2363,807,84,4,110.67,442.68
2364,807,23,4,746.66,2986.64
2365,808,102,1,173.15,173.15
2366,808,87,4,818.76,3275.04
2367,809,23,3,746.66,2239.98
2368,809,43,1,1885.44,1885.44
2369,809,7,1,1434.88,1434.88
2370,810,139,1,1849.73,1849.73
2371,810,148,2,1362.24,2724.48
2372,811,129,2,81.7,163.4
2373,811,5,1,196.45,196.45
2374,811,31,3,1886.39,5659.17
2375,811,137,2,333.38,666.76
2376,812,149,1,1879.08,1879.08
2377,812,114,3,1967.87,5903.61
2378,813,12,4,1529.35,6117.4
2379,813,126,2,889.25,1778.5
2380,813,6,4,1208.02,4832.08
2381,813,88,1,1730.65,1730.65
2382,814,82,1,507.11,507.11
2383,814,98,2,1704.17,3408.34
2384,814,66,3,51.86,155.58
2385,814,24,2,541.29,1082.58
2386,814,30,2,542.8,1085.6
2387,815,23,4,746.66,2986.64
2388,815,40,2,1364.16,2728.32
2389,815,79,1,1724.73,1724.73
2390,816,84,4,110.67,442.68
2391,816,47,1,1908.09,1908.09
2392,816,7,3,1434.88,4304.64
2393,816,15,2,96.47,192.94
2394,816,77,4,1310.38,5241.52
2395,817,67,1,1181.0,1181.0
2396,817,97,2,123.19,246.38
2397,817,31,2,1886.39,3772.78
2398,818,61,1,1746.14,1746.14
2399,818,127,3,29.24,87.72
2400,818,131,1,93.24,93.24
2401,818,130,3,1109.52,3328.56
2402,818,99,4,145.24,580.96
2403,819,105,1,538.57,538.57
2404,819,17,3,1108.56,3325.68
2405,819,124,1,17.06,17.06
2406,819,8,2,448.68,897.36
2407,819,60,2,1104.11,2208.22
2408,820,146,1,663.24,663.24
2409,820,105,2,538.57,1077.14
2410,820,115,2,1339.05,2678.1
2411,821,139,4,1849.73,7398.92
2412,821,44,4,1770.73,7082.92
2413,821,63,1,630.32,630.32
2414,822,119,3,551.97,1655.91
2415,823,1,4,1282.46,5129.84
2416,823,16,3,258.4,775.2
2417,824,65,3,503.33,1509.99
2418,824,98,1,1704.17,1704.17
2419,824,90,2,1853.77,3707.54
2420,824,55,1,1970.79,1970.79
2421,824,150,3,1941.1,5823.3
2422,825,102,1,173.15,173.15
2423,826,143,4,407.15,1628.6
2424,826,72,2,1083.08,2166.16
2425,827,130,3,1109.52,3328.56
2426,827,82,2,507.11,1014.22
2427,827,88,3,1730.65,5191.95
2428,827,67,3,1181.0,3543.0
2429,827,116,2,1864.19,3728.38
2430,828,85,4,39.37,157.48
2431,828,5,1,196.45,196.45
2432,828,35,1,1127.12,1127.12
2433,828,1,2,1282.46,2564.92
2434,829,143,1,407.15,407.15
2435,829,126,1,889.25,889.25
2436,829,101,1,1162.05,1162.05
2437,829,138,4,830.47,3321.88
2438,830,91,4,851.78,3407.12
2439,831,92,4,1439.63,5758.52
2440,831,100,3,248.57,745.71
2441,831,46,2,875.18,1750.36
2442,831,3,4,1475.58,5902.32
2443,831,32,1,1314.32,1314.32
2444,832,6,3,1208.02,3624.06
2445,832,72,2,1083.08,2166.16
2446,833,78,2,811.22,1622.44
2447,834,127,1,29.24,29.24
2448,834,93,3,600.45,1801.35
2449,835,54,1,48.76,48.76
2450,835,2,3,557.31,1671.93
2451,835,51,4,314.15,1256.6
2452,835,102,2,173.15,346.3
2453,836,50,1,1281.51,1281.51
2454,836,145,2,57.09,114.18
2455,836,45,3,1285.51,3856.53
2456,836,17,2,1108.56,2217.12
2457,836,33,3,1829.95,5489.85
2458,837,6,3,1208.02,3624.06
2459,837,137,4,333.38,1333.52
2460,838,110,1,537.75,537.75
2461,839,111,1,146.89,146.89
2462,839,105,4,538.57,2154.28
2463,839,71,4,564.17,2256.68
2464,840,133,1,722.04,722.04
2465,840,12,3,1529.35,4588.05
2466,840,58,4,147.73,590.92
2467,841,115,3,1339.05,4017.15
2468,841,81,1,849.54,849.54
2469,841,2,1,557.31,557.31
2470,841,101,2,1162.05,2324.1
2471,841,50,4,1281.51,5126.04
2472,842,64,2,1800.23,3600.46
2473,843,85,1,39.37,39.37
2474,843,80,1,388.52,388.52
2475,844,123,4,1272.23,5088.92
2476,845,86,3,1509.6,4528.8
2477,846,28,2,1372.38,2744.76
2478,846,122,3,982.18,2946.54
2479,847,86,2,1509.6,3019.2
2480,848,113,1,1091.0,1091.0
2481,849,149,1,1879.08,1879.08
2482,849,32,4,1314.32,5257.28
2483,849,22,3,563.17,1689.51
2484,849,16,1,258.4,258.4
2485,850,16,1,258.4,258.4
2486,850,114,3,1967.87,5903.61
2487,851,111,1,146.89,146.89
2488,851,17,3,1108.56,3325.68
2489,851,27,4,547.2,2188.8
2490,851,15,4,96.47,385.88
2491,851,144,1,617.33,617.33
2492,852,106,4,1294.55,5178.2
2493,852,60,4,1104.11,4416.44
2494,852,3,1,1475.58,1475.58
2495,852,117,3,1757.47,5272.41
2496,852,99,1,145.24,145.24
2497,853,133,1,722.04,722.04
2498,853,85,1,39.37,39.37
2499,853,50,1,1281.51,1281.51
2500,853,28,2,1372.38,2744.76
2501,854,33,4,1829.95,7319.8
2502,854,131,4,93.24,372.96
2503,854,66,2,51.86,103.72
2504,854,91,2,851.78,1703.56
2505,854,108,2,921.99,1843.98
2506,855,16,2,258.4,516.8
2507,856,150,3,1941.1,5823.3
2508,856,112,3,577.12,1731.36
2509,856,132,2,1866.85,3733.7
2510,857,121,3,1272.13,3816.39
2511,857,80,3,388.52,1165.56
2512,858,3,1,1475.58,1475.58
2513,858,133,2,722.04,1444.08
2514,858,38,1,992.1,992.1
2515,859,89,3,764.16,2292.48
2516,859,51,2,314.15,628.3
2517,859,52,4,1907.46,7629.84
2518,859,18,4,1724.8,6899.2
2519,860,85,4,39.37,157.48
2520,860,149,3,1879.08,5637.24
2521,860,145,2,57.09,114.18
2522,860,86,1,1509.6,1509.6
2523,860,77,4,1310.38,5241.52
2524,861,127,2,29.24,58.48
2525,862,58,2,147.73,295.46
2526,863,55,4,1970.79,7883.16
2527,863,62,2,1858.54,3717.08
2528,863,124,4,17.06,68.24
2529,863,85,2,39.37,78.74
2530,864,93,1,600.45,600.45
2531,865,92,1,1439.63,1439.63
2532,866,30,3,542.8,1628.4
2533,866,37,1,730.37,730.37
2534,866,75,1,1321.38,1321.38
2535,866,113,2,1091.0,2182.0
2536,866,50,2,1281.51,2563.02
2537,867,45,2,1285.51,2571.02
2538,867,57,3,166.73,500.19
2539,867,68,2,1418.6,2837.2
2540,868,51,2,314.15,628.3
2541,868,6,3,1208.02,3624.06
2542,869,6,2,1208.02,2416.04
2543,870,29,4,1645.39,6581.56
2544,870,87,2,818.76,1637.52
2545,870,54,3,48.76,146.28
2546,870,79,3,1724.73,5174.19
2547,871,135,1,1750.68,1750.68
2548,871,112,1,577.12,577.12
2549,872,34,2,537.11,1074.22
2550,872,49,4,221.76,887.04
2551,873,82,1,507.11,507.11
2552,873,110,2,537.75,1075.5
2553,873,63,3,630.32,1890.96
2554,874,84,1,110.67,110.67
2555,874,64,3,1800.23,5400.69
2556,875,131,4,93.24,372.96
2557,875,150,2,1941.1,3882.2
2558,876,121,1,1272.13,1272.13
2559,877,131,3,93.24,279.72
2560,877,100,4,248.57,994.28
2561,878,119,4,551.97,2207.88
2562,878,46,4,875.18,3500.72
2563,878,83,4,1617.96,6471.84
2564,878,96,3,958.81,2876.43
2565,878,135,4,1750.68,7002.72
2566,879,10,2,1613.58,3227.16
2567,879,54,4,48.76,195.04
2568,879,57,2,166.73,333.46
2569,879,52,3,1907.46,5722.38
2570,879,116,4,1864.19,7456.76
2571,880,147,1,565.46,565.46
2572,880,41,2,775.69,1551.38
2573,880,96,1,958.81,958.81
2574,880,66,3,51.86,155.58
2575,881,133,1,722.04,722.04
2576,881,91,4,851.78,3407.12
2577,881,59,3,260.26,780.78
2578,881,150,4,1941.1,7764.4
2579,882,120,4,1438.05,5752.2
2580,882,111,3,146.89,440.67
2581,882,105,3,538.57,1615.71
2582,882,95,4,634.07,2536.28
2583,883,46,4,875.18,3500.72
2584,884,68,3,1418.6,4255.8
2585,884,20,1,463.52,463.52
2586,885,129,1,81.7,81.7
2587,885,132,3,1866.85,5600.55
2588,885,140,2,1343.12,2686.24
2589,886,31,1,1886.39,1886.39
2590,887,10,3,1613.58,4840.74
2591,887,140,2,1343.12,2686.24
2592,887,52,3,1907.46,5722.38
2593,888,78,2,811.22,1622.44
2594,888,71,3,564.17,1692.51
2595,888,49,1,221.76,221.76
2596,889,73,4,950.62,3802.48
2597,889,89,1,764.16,764.16
2598,889,104,4,1342.75,5371.0
2599,890,39,2,228.2,456.4
2600,890,102,4,173.15,692.6
2601,890,59,4,260.26,1041.04
2602,890,54,3,48.76,146.28
2603,890,122,1,982.18,982.18
2604,891,49,2,221.76,443.52
2605,891,110,4,537.75,2151.0
2606,891,107,4,1858.75,7435.0
2607,892,8,3,448.68,1346.04
2608,892,96,1,958.81,958.81
2609,892,36,4,1173.33,4693.32
2610,892,148,3,1362.24,4086.72
2611,892,33,3,1829.95,5489.85
2612,893,108,4,921.99,3687.96
2613,893,109,3,155.79,467.37
2614,894,6,2,1208.02,2416.04
2615,894,146,2,663.24,1326.48
2616,894,9,3,1620.77,4862.31
2617,895,147,4,565.46,2261.84
2618,895,101,2,1162.05,2324.1
2619,895,98,4,1704.17,6816.68
2620,895,53,1,11.14,11.14
2621,895,17,3,1108.56,3325.68
2622,896,116,2,1864.19,3728.38
2623,896,78,1,811.22,811.22
2624,896,24,4,541.29,2165.16
2625,896,44,1,1770.73,1770.73
2626,896,27,2,547.2,1094.4
2627,897,18,3,1724.8,5174.4
2628,897,99,2,145.24,290.48
2629,898,75,1,1321.38,1321.38
2630,898,135,4,1750.68,7002.72
2631,899,95,1,634.07,634.07
2632,900,84,4,110.67,442.68
2633,900,106,2,1294.55,2589.1
2634,901,34,4,537.11,2148.44
2635,902,18,2,1724.8,3449.6
2636,902,100,3,248.57,745.71
2637,902,53,4,11.14,44.56
2638,902,34,4,537.11,2148.44
2639,903,148,2,1362.24,2724.48
2640,903,80,4,388.52,1554.08
2641,904,52,4,1907.46,7629.84
2642,904,2,1,557.31,557.31
2643,904,37,4,730.37,2921.48
2644,905,64,4,1800.23,7200.92
2645,905,135,4,1750.68,7002.72
2646,905,85,1,39.37,39.37
2647,905,146,1,663.24,663.24
2648,905,126,3,889.25,2667.75
2649,906,89,4,764.16,3056.64
2650,906,77,2,1310.38,2620.76
2651,906,101,2,1162.05,2324.1
2652,906,45,4,1285.51,5142.04
2653,907,99,4,145.24,580.96
2654,907,47,1,1908.09,1908.09
2655,907,146,2,663.24,1326.48
2656,907,25,2,1273.61,2547.22
2657,908,138,2,830.47,1660.94
2658,908,75,4,1321.38,5285.52
2659,908,18,4,1724.8,6899.2
2660,909,32,3,1314.32,3942.96
2661,909,95,4,634.07,2536.28
2662,909,20,4,463.52,1854.08
2663,909,27,2,547.2,1094.4
2664,909,130,3,1109.52,3328.56
2665,910,130,4,1109.52,4438.08
2666,910,12,1,1529.35,1529.35
2667,911,119,4,551.97,2207.88
2668,912,103,1,1050.34,1050.34
2669,912,50,1,1281.51,1281.51
2670,912,102,3,173.15,519.45
2671,913,35,3,1127.12,3381.36
2672,914,125,2,1959.8,3919.6
2673,914,119,4,551.97,2207.88
2674,914,18,2,1724.8,3449.6
2675,914,22,4,563.17,2252.68
2676,915,42,1,1062.94,1062.94
2677,915,44,2,1770.73,3541.46
2678,915,5,3,196.45,589.35
2679,916,137,4,333.38,1333.52
2680,917,20,3,463.52,1390.56
2681,917,3,2,1475.58,2951.16
2682,918,92,2,1439.63,2879.26
2683,918,46,4,875.18,3500.72
2684,918,56,1,125.27,125.27
2685,918,9,1,1620.77,1620.77
2686,919,79,1,1724.73,1724.73
2687,919,114,4,1967.87,7871.48
2688,919,14,2,694.47,1388.94
2689,919,2,2,557.31,1114.62
2690,920,62,1,1858.54,1858.54
2691,920,52,4,1907.46,7629.84
2692,920,24,1,541.29,541.29
2693,921,87,2,818.76,1637.52
2694,922,57,1,166.73,166.73
2695,923,43,4,1885.44,7541.76
2696,923,12,1,1529.35,1529.35
2697,924,83,2,1617.96,3235.92
2698,924,144,4,617.33,2469.32
2699,924,49,4,221.76,887.04
2700,925,60,2,1104.11,2208.22
2701,926,92,3,1439.63,4318.89
2702,927,4,3,1185.08,3555.24
2703,927,103,1,1050.34,1050.34
2704,928,55,3,1970.79,5912.37
2705,928,118,3,1780.53,5341.59
2706,928,57,1,166.73,166.73
2707,928,17,1,1108.56,1108.56
2708,929,106,4,1294.55,5178.2
2709,929,78,1,811.22,811.22
2710,930,146,4,663.24,2652.96
2711,930,44,2,1770.73,3541.46
2712,930,65,3,503.33,1509.99
2713,930,25,2,1273.61,2547.22
2714,930,84,3,110.67,332.01
2715,931,18,4,1724.8,6899.2
2716,931,86,4,1509.6,6038.4
2717,931,5,2,196.45,392.9
2718,931,150,1,1941.1,1941.1
2719,932,6,3,1208.02,3624.06
2720,932,32,2,1314.32,2628.64
2721,933,63,3,630.32,1890.96
2722,933,21,4,1712.08,6848.32
2723,933,16,3,258.4,775.2
2724,933,36,2,1173.33,2346.66
2725,934,97,1,123.19,123.19
2726,934,53,2,11.14,22.28
2727,935,114,1,1967.87,1967.87
2728,935,85,4,39.37,157.48
2729,935,35,3,1127.12,3381.36
2730,935,72,1,1083.08,1083.08
2731,935,82,2,507.11,1014.22
2732,936,88,1,1730.65,1730.65
2733,936,63,2,630.32,1260.64
2734,936,53,2,11.14,22.28
2735,937,98,1,1704.17,1704.17
2736,937,134,1,214.56,214.56
2737,937,83,4,1617.96,6471.84
2738,937,47,1,1908.09,1908.09
2739,937,114,2,1967.87,3935.74
2740,938,37,2,730.37,1460.74
2741,939,24,2,541.29,1082.58
2742,939,45,2,1285.51,2571.02
2743,940,21,2,1712.08,3424.16
2744,940,110,2,537.75,1075.5
2745,940,120,4,1438.05,5752.2
2746,940,80,2,388.52,777.04
2747,940,43,2,1885.44,3770.88
2748,941,74,2,820.05,1640.1
2749,941,148,3,1362.24,4086.72
2750,941,115,4,1339.05,5356.2
2751,942,93,4,600.45,2401.8
2752,943,43,4,1885.44,7541.76
2753,943,121,2,1272.13,2544.26
2754,943,113,4,1091.0,4364.0
2755,943,109,1,155.79,155.79
2756,944,110,2,537.75,1075.5
2757,944,22,2,563.17,1126.34
2758,944,77,3,1310.38,3931.14
2759,944,138,4,830.47,3321.88
2760,945,79,4,1724.73,6898.92
2761,945,117,1,1757.47,1757.47
2762,945,73,3,950.62,2851.86
2763,945,97,2,123.19,246.38
2764,946,51,1,314.15,314.15
2765,946,40,3,1364.16,4092.48
2766,946,49,4,221.76,887.04
2767,946,2,4,557.31,2229.24
2768,947,102,3,173.15,519.45
2769,947,96,1,958.81,958.81
2770,947,99,4,145.24,580.96
2771,947,126,1,889.25,889.25
2772,948,99,2,145.24,290.48
2773,949,112,3,577.12,1731.36
2774,949,66,4,51.86,207.44
2775,950,15,2,96.47,192.94
2776,950,99,2,145.24,290.48
2777,950,109,4,155.79,623.16
2778,951,93,1,600.45,600.45
2779,952,67,2,1181.0,2362.0
2780,952,117,3,1757.47,5272.41
2781,953,149,1,1879.08,1879.08
2782,953,42,1,1062.94,1062.94
2783,954,99,4,145.24,580.96
2784,955,21,4,1712.08,6848.32
2785,955,133,3,722.04,2166.12
2786,955,49,3,221.76,665.28
2787,955,109,4,155.79,623.16
2788,955,43,3,1885.44,5656.32
2789,956,23,2,746.66,1493.32
2790,956,28,3,1372.38,4117.14
2791,956,147,2,565.46,1130.92
2792,956,89,4,764.16,3056.64
2793,957,2,1,557.31,557.31
2794,957,44,1,1770.73,1770.73
2795,957,126,1,889.25,889.25
2796,958,135,2,1750.68,3501.36
2797,958,107,2,1858.75,3717.5
2798,958,74,3,820.05,2460.15
2799,958,111,2,146.89,293.78
2800,959,51,2,314.15,628.3
2801,959,125,1,1959.8,1959.8
2802,960,146,1,663.24,663.24
2803,960,55,2,1970.79,3941.58
2804,960,48,2,1526.3,3052.6
2805,960,52,3,1907.46,5722.38
2806,961,113,3,1091.0,3273.0
2807,961,28,1,1372.38,1372.38
2808,961,43,4,1885.44,7541.76
2809,961,21,1,1712.08,1712.08
2810,962,17,2,1108.56,2217.12
2811,962,88,4,1730.65,6922.6
2812,962,8,4,448.68,1794.72
2813,963,3,1,1475.58,1475.58
2814,964,2,1,557.31,557.31
2815,964,150,2,1941.1,3882.2
2816,964,11,1,562.96,562.96
2817,965,134,3,214.56,643.68
2818,965,69,4,144.13,576.52
2819,965,125,3,1959.8,5879.4
2820,965,122,3,982.18,2946.54
2821,966,81,4,849.54,3398.16
2822,966,62,4,1858.54,7434.16
2823,966,93,1,600.45,600.45
2824,967,85,4,39.37,157.48
2825,967,26,4,497.17,1988.68
2826,967,1,2,1282.46,2564.92
2827,968,32,3,1314.32,3942.96
2828,969,95,4,634.07,2536.28
2829,969,116,4,1864.19,7456.76
2830,970,1,1,1282.46,1282.46
2831,970,83,3,1617.96,4853.88
2832,971,84,4,110.67,442.68
2833,972,125,1,1959.8,1959.8
2834,972,103,3,1050.34,3151.02
2835,973,122,2,982.18,1964.36
2836,973,26,2,497.17,994.34
2837,973,99,1,145.24,145.24
2838,973,76,2,828.09,1656.18
2839,974,23,2,746.66,1493.32
2840,974,78,4,811.22,3244.88
2841,974,141,1,326.8,326.8
2842,974,120,4,1438.05,5752.2
2843,975,62,1,1858.54,1858.54
2844,975,63,4,630.32,2521.28
2845,975,55,1,1970.79,1970.79
2846,975,44,2,1770.73,3541.46
2847,975,23,3,746.66,2239.98
2848,976,72,1,1083.08,1083.08
2849,976,57,2,166.73,333.46
2850,976,66,4,51.86,207.44
2851,976,122,1,982.18,982.18
2852,977,58,3,147.73,443.19
2853,977,148,4,1362.24,5448.96
2854,977,17,4,1108.56,4434.24
2855,978,112,3,577.12,1731.36
2856,978,60,1,1104.11,1104.11
2857,978,58,1,147.73,147.73
2858,978,67,1,1181.0,1181.0
2859,978,30,3,542.8,1628.4
2860,979,49,3,221.76,665.28
2861,979,30,4,542.8,2171.2
2862,979,147,1,565.46,565.46
2863,979,95,3,634.07,1902.21
2864,979,33,1,1829.95,1829.95
2865,980,138,3,830.47,2491.41
2866,980,49,2,221.76,443.52
2867,980,100,2,248.57,497.14
2868,980,109,1,155.79,155.79
2869,980,82,4,507.11,2028.44
2870,981,138,4,830.47,3321.88
2871,982,38,4,992.1,3968.4
2872,982,76,4,828.09,3312.36
2873,982,57,2,166.73,333.46
2874,983,73,1,950.62,950.62
2875,983,38,3,992.1,2976.3
2876,983,9,4,1620.77,6483.08
2877,983,82,2,507.11,1014.22
2878,983,80,4,388.52,1554.08
2879,984,97,2,123.19,246.38
2880,984,16,2,258.4,516.8
2881,984,86,2,1509.6,3019.2
2882,985,46,4,875.18,3500.72
2883,986,77,4,1310.38,5241.52
2884,986,41,3,775.69,2327.07
2885,986,6,4,1208.02,4832.08
2886,986,141,4,326.8,1307.2
2887,987,101,3,1162.05,3486.15
2888,987,19,3,1412.1,4236.3
2889,987,136,2,317.56,635.12
2890,988,101,1,1162.05,1162.05
2891,988,25,3,1273.61,3820.83
2892,988,34,4,537.11,2148.44
2893,988,83,2,1617.96,3235.92
2894,988,149,2,1879.08,3758.16
2895,989,124,2,17.06,34.12
2896,989,75,2,1321.38,2642.76
2897,989,38,1,992.1,992.1
2898,989,54,3,48.76,146.28
2899,990,27,1,547.2,547.2
2900,990,38,1,992.1,992.1
2901,990,97,3,123.19,369.57
2902,990,110,4,537.75,2151.0
2903,990,44,2,1770.73,3541.46
2904,991,31,3,1886.39,5659.17
2905,992,112,1,577.12,577.12
2906,992,39,2,228.2,456.4
2907,992,104,4,1342.75,5371.0
2908,992,63,4,630.32,2521.28
2909,992,9,3,1620.77,4862.31
2910,993,45,3,1285.51,3856.53
2911,993,97,4,123.19,492.76
2912,993,23,3,746.66,2239.98
2913,993,119,1,551.97,551.97
2914,993,98,1,1704.17,1704.17
2915,994,22,1,563.17,563.17
2916,995,131,4,93.24,372.96
2917,995,58,3,147.73,443.19
2918,995,6,1,1208.02,1208.02
2919,995,147,2,565.46,1130.92
2920,996,124,2,17.06,34.12
2921,996,112,1,577.12,577.12
2922,996,77,3,1310.38,3931.14
2923,996,147,1,565.46,565.46
2924,997,48,4,1526.3,6105.2
2925,997,104,1,1342.75,1342.75
2926,997,6,1,1208.02,1208.02
2927,997,101,2,1162.05,2324.1
2928,997,143,1,407.15,407.15
2929,998,47,4,1908.09,7632.36
2930,998,2,3,557.31,1671.93
2931,999,11,2,562.96,1125.92
2932,1000,53,1,11.14,11.14
2933,1000,42,1,1062.94,1062.94
2934,1000,23,1,746.66,746.66
2935,1000,144,3,617.33,1851.99
2936,1000,66,3,51.86,155.58
